Name,Team,POS,ADP,IP,mSV,mERA,mWHIP,mSO,mHLD,mQS,PTS,aPOS,Dollars,PlayerId
Spencer Strider,ATL,SP,6.309999943,178.53,-1.996585624,5.020210083,9.739652068,8.313805185,-2.368412322,4.667018417,23.37568781,10.19224434,34.56793214,27498
Gerrit Cole,NYY,SP,15.88000011,170.138,-1.996585624,2.12353993,7.613739958,4.645066303,-2.368412322,4.695468302,14.71281655,10.19224434,25.90506089,13125
Zack Wheeler,PHI,SP,24.70000076,184.861,-1.996585624,2.577210668,6.163648183,4.763890897,-2.368412322,5.413160261,14.55291206,10.19224434,25.7451564,10310
George Kirby,SEA,SP,33.27000046,181.274,-1.996585624,1.600935406,8.964387622,3.483150854,-2.368412322,4.82773812,14.51121406,10.19224434,25.70345839,25436
Kevin Gausman,TOR,SP,30.42000008,178.883,-1.996585624,4.192128693,2.784487723,5.742910735,-2.368412322,4.965439773,13.31996898,10.19224434,24.51221332,14107
Corbin Burnes,BAL,SP,20.10000038,185.989,-1.996585624,2.390997673,3.850521374,5.236700685,-2.368412322,5.245824159,12.35904594,10.19224434,23.55129028,19361
Pablo López,MIN,SP,34.72000122,183.022,-1.996585624,2.522009167,3.716299785,5.372373101,-2.368412322,4.680377717,11.92606182,10.19224434,23.11830616,17085
Tarik Skubal,DET,SP,49.38999939,155.707,-1.996585624,3.458490281,5.148776776,3.911190959,-2.368412322,3.238569819,11.39202989,10.19224434,22.58427423,22267
Logan Webb,SFG,SP,51.93000031,193.061,-1.996585624,4.779724931,1.79054601,3.576534793,-2.368412322,5.542434742,11.32424253,10.19224434,22.51648687,17995
Luis Castillo,SEA,SP,30.62999916,188.203,-1.996585624,2.300938774,2.539691904,5.228386618,-2.368412322,4.967833619,10.67185297,10.19224434,21.86409731,15689
Tyler Glasnow,LAD,SP,41.72999954,139.599,-1.996585624,2.301279647,5.519519204,3.82126483,-2.368412322,2.706205856,9.983271591,10.19224434,21.17551593,14374
Zach Eflin,TBR,SP,78.45999908,165.491,-1.995760967,0.276926276,6.665685148,2.860742335,-2.368412322,3.741454916,9.180635386,10.19224434,20.37287972,13774
Framber Valdez,HOU,SP,57.41999817,189.398,-1.996585624,5.148144643,-2.77741519,4.546143038,-2.368412322,5.668756537,8.220631082,10.19224434,19.41287542,17295
Edwin Diaz,NYM,RP,43.99000168,61.952,7.064417535,6.133621974,4.498755072,-0.995722568,-2.000454913,-2.837960854,11.86265625,5.072682396,17.93533864,14710
Freddy Peralta,MIL,SP,52.36000061,161.602,-1.996585624,-0.842270945,3.286617387,4.897223339,-2.368412322,3.513543696,6.490115531,10.19224434,17.68235987,18679
Max Fried,ATL,SP,60.95999908,162.143,-1.996585624,4.261939799,-0.012417803,2.564254075,-2.368412322,3.94598942,6.394767545,10.19224434,17.58701188,13743
Zac Gallen,ARI,SP,40.36000061,185.538,-1.996585624,-0.690840805,1.938031946,4.670938954,-2.368412322,4.671020439,6.224152587,10.19224434,17.41639693,19291
Yoshinobu Yamamoto,LAD,SP,38.36000061,165.836,-1.996585624,-0.596512305,4.706034785,3.799881055,-2.368412322,2.524692311,6.0690979,10.19224434,17.26134224,sa3023345
Aaron Nola,PHI,SP,52.86999893,186.329,-1.996585624,-4.78925753,5.502531987,4.957528242,-2.368412322,4.171943977,5.477748729,10.19224434,16.66999307,16149
Logan Gilbert,SEA,SP,61.33000183,183.963,-1.996585624,-3.171017273,3.987028129,4.233942328,-2.368412322,4.275143515,4.960098753,10.19224434,16.15234309,22250
Joe Musgrove,SDP,SP,90.41999817,153.164,-1.996585624,0.035047046,1.819579248,2.365718936,-2.368412322,3.780983186,3.63633047,10.19224434,14.82857481,12970
Jhoan Duran,MIN,RP,51.41999817,64.0787,6.99218058,5.675434024,1.602061745,-1.67610663,-1.39782711,-2.837960854,8.357781756,5.072682396,14.43046415,21029
Emmanuel Clase,CLE,RP,54.11999893,66.0865,7.352602908,4.556027803,2.611486801,-2.942615746,-1.908861085,-2.837960854,6.830679828,5.072682396,12.90336222,21032
Pete Fairbanks,TBR,RP,89.45999908,53.5876,5.997253743,4.410116705,2.185262388,-2.356847457,-0.889099481,-2.837960854,6.508725045,5.072682396,12.58140744,17998
Andres Munoz,SEA,RP,84.33999634,58.4123,5.798649705,4.345563065,1.630532332,-2.133240428,-0.302080942,-2.837960854,6.501462877,5.072682396,12.57414527,20373
Mason Miller,OAK,SP,216.7200012,60.0654,1.989116456,1.904998989,0.596102049,-2.169872811,1.373802455,-2.714604224,0.979542914,10.19224434,12.17178725,31757
Joe Ryan,MIN,SP,84.43000031,163.349,-1.996585624,-5.987026296,3.721388289,4.107770119,-2.368412322,3.087024669,0.564158835,10.19224434,11.75640317,21390
Josh Hader,HOU,RP,46.56999969,59.0476,7.389288254,3.543537465,0.574158224,-1.674940334,-1.312429069,-2.837960854,5.681653686,5.072682396,11.75433608,14212
Grayson Rodriguez,BAL,SP,66.16000366,159.75,-1.996585624,-0.983019092,-0.47990573,3.549728922,-2.368412322,2.619179684,0.340985837,10.19224434,11.53323017,24492
Evan Phillips,LAD,RP,89.25,61.8167,5.713495588,2.893661166,2.311567246,-2.639815091,-0.156459381,-2.837960854,5.284488675,5.072682396,11.35717107,17734
Bobby Miller,LAD,SP,69.69999695,152.058,-1.996585624,-2.761761575,2.424339188,2.183491625,-2.368412322,2.406520934,-0.112407774,10.19224434,11.07983656,27483
Jason Adam,TBR,RP,313.6900024,56.6827,0.937769009,2.062051924,2.657679978,-2.723340672,4.462435667,-2.837960854,4.558635052,5.072682396,10.63131745,11861
Devin Williams,MIL,RP,45.18000031,57.0031,5.8565722,4.691809751,0.335514477,-1.986361976,-1.546217898,-2.837960854,4.5133557,5.072682396,10.5860381,15816
Chris Sale,ATL,SP,120.8700027,129.958,-1.996585624,-2.272539992,1.875087413,2.397591523,-2.368412322,1.614804406,-0.750054595,10.19224434,10.44218974,10603
Bryan Abreu,HOU,RP,363.8399963,63.2419,-1.116672956,4.192568428,-0.414186845,-1.712871935,6.197811094,-2.837960854,4.308686933,5.072682396,10.38136933,16609
Blake Snell,,SP,69.90000153,156.317,-1.996585624,2.550043245,-8.040191237,5.133374389,-2.303546825,3.586786472,-1.070119581,10.19224434,10.12212476,13543
Jesus Luzardo,MIA,SP,79.81999969,168.296,-1.996585624,-2.214111692,-3.124212062,4.702042626,-2.368412322,3.905965804,-1.095313271,10.19224434,10.09693107,19959
Raisel Iglesias,ATL,RP,60.29999924,60.622,6.424916327,2.041153241,1.809302797,-2.452017992,-1.221734402,-2.837960854,3.763659117,5.072682396,9.836341513,17130
Michael King,SDP,SP,134.9700012,139.765,-1.931964465,0.910114209,-2.275964461,2.44726823,-1.972864372,1.275141913,-1.548268945,10.19224434,9.643975393,19853
Shane Bieber,CLE,SP,150.9299927,166.246,-1.996585624,-2.206502964,-2.075802979,2.664008101,-2.368412322,4.166628465,-1.816667323,10.19224434,9.375577014,19427
Ryan Helsley,STL,RP,93.58000183,60.6776,5.061224164,3.316267456,0.085881931,-2.044217982,-0.482797346,-2.837960854,3.098397369,5.072682396,9.171079765,18138
Eury Perez,MIA,SP,76.51999664,141.375,-1.996585624,-2.702344333,0.285047704,2.898848395,-2.368412322,1.819711147,-2.063735033,10.19224434,9.128509305,27768
Ryan Pressly,HOU,RP,307.6600037,61.5318,-0.675782454,1.682251048,1.71928585,-2.709356665,5.456912809,-2.837960854,2.635349734,5.072682396,8.70803213,7005
Jose Alvarado,PHI,RP,160.2200012,63.1847,4.440987573,3.714313435,-2.418216157,-1.622981805,1.227026898,-2.837960854,2.503169089,5.072682396,8.575851485,17780
David Bednar,PIT,RP,68.61000061,60.9957,6.060215297,2.658141499,0.314077846,-2.455799799,-1.284002075,-2.837960854,2.454671914,5.072682396,8.52735431,19569
Tanner Bibee,CLE,SP,104.4599991,164.322,-1.996585624,-1.819645167,-2.911676829,3.296766972,-2.368412322,3.071051961,-2.72850101,10.19224434,8.463743328,30134
Justin Steele,CHC,SP,98.69999695,170.717,-1.996585624,-0.274576664,-5.456287704,3.184102928,-2.368412322,3.937174017,-2.974585369,10.19224434,8.217658969,17312
Matt Strahm,PHI,SP/RP,502.9400024,65.3546,-1.603286235,0.023637032,1.305049789,-2.196114689,2.291907954,-2.837960854,-3.016767002,10.19224434,8.175477335,13799
Tanner Scott,MIA,RP,98.41999817,66.3007,5.279505944,3.162864584,-1.55535845,-1.55368715,-0.498457871,-2.837960854,1.996906203,5.072682396,8.069588599,17586
Hunter Harvey,WSN,RP,264.1199951,59.9635,1.563774161,0.65272642,0.850835821,-2.820611185,4.06296876,-2.837960854,1.471733122,5.072682396,7.544415518,15507
A.J. Minter,ATL,RP,447.3699951,61.0648,-0.738596146,1.244493526,-0.049079189,-2.26793947,6.088697917,-2.837960854,1.439615784,5.072682396,7.51229818,18655
Sonny Gray,STL,SP,115.7600021,160.833,-1.996585624,-0.29374098,-5.114472531,2.399801346,-2.368412322,3.380650092,-3.992760019,10.19224434,7.199484319,12768
Brusdar Graterol,LAD,RP,414.25,60.1128,-0.516956302,2.518540623,0.065311541,-3.845662077,5.261316276,-2.837960854,0.644589208,5.072682396,6.717271604,20367
Erik Swanson,TOR,RP,511.0299988,61.1258,-0.524822639,0.704623549,0.622206521,-2.718815335,4.994712465,-2.529972474,0.547932087,5.072682396,6.620614483,16587
Camilo Doval,SFG,RP,57.63999939,63.7484,6.67929462,2.422116143,-2.071616454,-2.155250966,-1.5265002,-2.837960854,0.51008229,5.072682396,6.582764686,21992
Clay Holmes,NYY,RP,103.1299973,62.9712,5.876318446,2.230115632,-1.727500805,-2.852749155,-0.417802174,-2.837960854,0.270421091,5.072682396,6.343103487,13649
Nestor Cortes,NYY,SP,242.9100037,129.141,-1.996585624,-4.287681831,1.036918265,1.106549127,-2.256140897,1.538483413,-4.858457548,10.19224434,6.33378679,17874
Jordan Romano,TOR,RP,70.44999695,58.4722,6.358339683,1.61342952,-0.482556069,-2.688788882,-1.788770109,-2.837960854,0.173693289,5.072682396,6.246375685,16122
Robert Stephenson,LAA,RP,230.2100067,57.3053,1.520231231,-0.970543697,1.614149817,-2.534340356,3.087723952,-2.837960854,-0.120739906,5.072682396,5.95194249,13594
Caleb Ferguson,NYY,SP/RP,738.8400269,55.596,-1.624024565,0.982980196,-3.096174507,-3.014243222,4.065261216,-2.837960854,-5.524161735,10.19224434,5.668082603,19349
Chris Martin,BOS,RP,458.8999939,58.5507,-1.10866732,1.376284455,0.020705264,-3.361032183,5.460286754,-2.837960854,-0.450383884,5.072682396,5.622298512,11847
Shawn Armstrong,TBR,SP/RP,747.4799805,60.6489,-1.781829021,0.090923122,-0.647618194,-3.046395268,2.6513607,-2.837960854,-5.571519515,10.19224434,5.620724823,12857
Adbert Alzolay,CHC,RP,118.9899979,63.1241,5.426217518,0.475430048,0.341282439,-2.698077707,-1.271373322,-2.837960854,-0.564481879,5.072682396,5.508200517,17859
Max Scherzer,TEX,SP,307.7000122,80.59,-1.996585624,-2.046348986,1.518407909,-1.347129634,-2.368412322,0.520205749,-5.719862909,10.19224434,5.472381429,3137
Paul Sewald,ARI,RP,83.36000061,61.4314,6.16633202,-0.325940237,-0.123565582,-2.338428574,-1.169737464,-2.837960854,-0.629300691,5.072682396,5.443381705,13892
Bailey Ober,MIN,SP,135.9100037,154.513,-1.996585624,-6.795257622,0.690255999,2.255469636,-2.368412322,2.42505858,-5.789471353,10.19224434,5.402772985,21224
Yu Darvish,SDP,SP,184.2799988,141.662,-1.996585624,-6.74347824,0.132725516,1.79002131,-2.368412322,2.793171929,-6.392557431,10.19224434,4.799686906,13074
Carlos Rodon,NYY,SP,135.7599945,138.109,-1.996585624,-6.17148126,-0.863723029,2.646303672,-2.368412322,2.16324286,-6.590655704,10.19224434,4.601588634,16137
Yuki Matsui,SDP,RP,271.0299988,61.0723,1.37299384,1.051832626,-2.077262632,-2.121578397,3.053450583,-2.837960854,-1.558524834,5.072682396,4.514157562,sa3023348
Bryan Woo,SEA,SP,177.6300049,133.541,-1.996585624,-4.015764447,-1.398513045,1.775788537,-2.245317832,1.087953948,-6.792438463,10.19224434,4.399805875,30279
Tim Mayza,TOR,RP,747.9899902,54.9092,-1.895865283,2.162613677,-1.664823128,-3.562950133,5.688800204,-2.837960854,-2.110185516,5.072682396,3.96249688,15042
Shota Imanaga,CHC,SP,185.4900055,147.344,-1.996585624,-3.516044266,-3.094801953,2.117676934,-2.368412322,1.500872546,-7.357294685,10.19224434,3.834949653,sa3023346
Robert Suarez,SDP,RP,211.7899933,62.8525,3.1396446,-0.931198438,-0.972810407,-2.871811877,2.212737951,-2.837960854,-2.261399025,5.072682396,3.811283371,30115
Jordan Montgomery,,SP,155.4900055,165.293,-1.996585624,-3.643335467,-4.937069699,2.218445411,-2.3647823,3.288119382,-7.435208297,10.19224434,3.75703604,16511
Giovanny Gallegos,STL,RP,510.6400146,60.5512,-0.509839469,-1.739309831,0.255477887,-2.838139308,5.336765335,-2.837960854,-2.333006241,5.072682396,3.739676155,14986
Justin Verlander,HOU,SP,146.8800049,130.448,-1.996585624,-4.231772478,-1.903280899,0.492490212,-2.368412322,2.344219378,-7.663341732,10.19224434,3.528902605,8700
Shane Baz,TBR,SP,253.6000061,86.8011,-1.996585624,-1.680494377,-0.599233549,-1.200845176,-2.089319888,-0.107037452,-7.673516066,10.19224434,3.518728272,22264
Chris Bassitt,TOR,SP,131.1300049,180.22,-1.996585624,-6.623728808,-4.350774314,2.920204478,-2.368412322,4.719998561,-7.699298029,10.19224434,3.492946309,12304
Yimi Garcia,TOR,RP,721.9699707,57.9673,-0.799814737,-1.12464829,0.068127505,-3.075998264,5.166919733,-2.837960854,-2.603374906,5.072682396,3.46930749,12095
Reynaldo Lopez,ATL,SP,415.5499878,80.12,-1.223567161,-1.56830465,-2.854109136,-1.430597986,1.069267186,-1.766080955,-7.773392702,10.19224434,3.418851635,16400
Walker Buehler,LAD,SP,191.7799988,119.908,-1.996585624,-3.401871491,-1.230010626,-0.116119375,-2.368412322,1.274762891,-7.838236546,10.19224434,3.354007792,19374
Joel Payamps,MIL,RP,527.7299805,65.2853,-0.560119969,-0.411106006,-1.68302224,-2.946236477,5.706540959,-2.837960854,-2.731904587,5.072682396,3.340777809,14332
Craig Kimbrel,BAL,RP,107.5500031,63.7723,4.751862825,-0.508124115,-1.288281071,-2.060211505,-0.797180194,-2.837960854,-2.739894914,5.072682396,3.332787482,6655
Matt Brash,SEA,RP,351.0400085,51.1932,0.060289193,1.960445341,-2.252668921,-2.591510984,2.761018153,-2.837960854,-2.900388071,5.072682396,3.172294325,25756
Gabe Speier,SEA,RP,745.5800171,56.0904,-1.333407811,-0.127823624,-0.210588482,-3.166648309,4.722091015,-2.837960854,-2.954338064,5.072682396,3.118344332,17170
Kyle Bradish,BAL,SP,334.7799988,86.1744,-1.996585624,-0.523021321,-1.980988141,-1.740934562,-2.368412322,0.505009745,-8.104932224,10.19224434,3.087312114,24586
Aroldis Chapman,PIT,RP,365.1799927,56.3169,-0.202662716,1.949264703,-4.406024656,-1.760961889,4.242553414,-2.837960854,-3.015791997,5.072682396,3.056890399,10233
Kevin Ginkel,ARI,RP,499.6400146,62.7939,-0.475036449,0.495127565,-2.228756325,-2.670327538,4.563670498,-2.837960854,-3.153283103,5.072682396,2.919399293,19876
Hector Neris,CHC,RP,412.269989,64.6485,-0.347392344,-0.904969626,-2.372289366,-2.436953074,5.72178539,-2.837960854,-3.177779873,5.072682396,2.894902523,11804
Kodai Senga,NYM,SP,148.3999939,97.4133,-1.996585624,-0.377781392,-4.540429423,-0.036484522,-2.368412322,0.968509311,-8.351183972,10.19224434,2.841060366,31838
Caleb Thielbar,MIN,RP,750.8400269,53.1667,-1.838433036,-0.305935962,-0.354505936,-2.992531989,4.986810578,-2.837960854,-3.3425572,5.072682396,2.730125196,10078
Drew Rasmussen,TBR,SP,676.7000122,38.6677,-1.996585624,1.16468119,0.650653232,-4.532028076,-2.149042403,-1.632152918,-8.494474599,10.19224434,2.697769738,25385
John Brebbia,CHW,SP/RP,419.9400024,54.6431,2.088723873,-3.265583208,-3.145007315,-3.36660774,1.983587002,-2.837960854,-8.542848242,10.19224434,2.649396096,12777
Jeffrey Springs,TBR,SP,547.4299927,38.7724,-1.996585624,0.422068182,0.799734671,-4.223620941,-2.221154403,-1.372954604,-8.592512718,10.19224434,2.599731619,17677
Colin Poche,TBR,RP,636.460022,58.2785,-1.236697356,-0.892396843,-1.702676932,-3.102238756,6.253748147,-2.837960854,-3.518222594,5.072682396,2.554459802,19403
Aaron Civale,TBR,SP,200.2100067,142.587,-1.996585624,-5.936833798,-1.53550912,1.21986301,-2.368412322,1.65220686,-8.965270994,10.19224434,2.226973344,19479
Joe Jimenez,ATL,RP,671.3099976,61.6747,-1.469295687,-1.335997578,-0.848571581,-2.18602741,4.65424581,-2.837960854,-4.0236073,5.072682396,2.049075096,15761
Bryce Miller,SEA,SP,176.5500031,143.072,-1.996585624,-7.075818139,-0.678787812,1.080981088,-2.368412322,1.724629553,-9.313993255,10.19224434,1.878251083,29837
Braxton Garrett,MIA,SP,209.7299957,132.798,-1.996585624,-2.879737744,-4.741396808,0.988780521,-2.368412322,1.665434326,-9.33191765,10.19224434,1.860326687,21844
Brock Stewart,MIN,RP,648.2700195,55.6958,-1.637705906,0.692988317,-2.254683738,-2.619831147,4.392326255,-2.837960854,-4.264867073,5.072682396,1.807815323,16727
Ryan Pepiot,TBR,SP,188.0299988,132.456,-1.996585624,-4.704453843,-2.626838874,1.134512524,-2.241304732,1.049598851,-9.385071696,10.19224434,1.807172641,26221
Andrew Nardi,MIA,RP,485.3099976,65.261,-0.684660028,-0.211771668,-3.342269608,-2.03025059,4.835823475,-2.837960854,-4.271089273,5.072682396,1.801593123,25942
Alex Vesia,LAD,RP,745.210022,55.1475,-1.616274614,-0.46413886,-1.330332289,-2.582545694,4.328990629,-2.837960854,-4.502261681,5.072682396,1.570420715,25007
Yennier Cano,BAL,RP,337.4899902,65.1056,0.711483097,-0.270926998,-3.578098265,-3.112534648,4.463301988,-2.837960854,-4.62473568,5.072682396,1.447946716,25911
Clayton Kershaw,LAD,SP,459.0700073,55.1927,-1.996585624,-0.570117438,-0.597656408,-3.517348767,-2.332831151,-0.788889331,-9.803428719,10.19224434,1.388815619,2036
Alexis Diaz,CIN,RP,77.04000092,64.6133,6.330507726,-1.339716514,-3.683178694,-2.015477823,-1.188617973,-2.837960854,-4.734444131,5.072682396,1.338238265,21132
Taylor Rogers,SFG,RP,668.2999878,56.7027,-1.132620037,-1.077562272,-2.025603122,-2.71912687,4.720190758,-2.837960854,-5.072682396,5.072682396,1,13449
Triston McKenzie,CLE,SP,220.4199982,141.295,-1.996585624,-7.06219592,-2.737356424,1.660326676,-2.368412322,2.311979276,-10.19224434,10.19224434,1,18000
Hoby Milner,MIL,RP,745.460022,58.8525,-1.887594271,-0.347155619,-1.041917098,-3.478073642,4.254906027,-2.837960854,-5.337795458,5.072682396,0.734886938,13346
Brooks Raley,NYM,RP,744.2199707,57.1696,-1.189401999,-0.994808498,-3.436473377,-3.059319363,6.078843512,-2.837960854,-5.439120579,5.072682396,0.633561818,10061
Hunter Brown,HOU,SP,169.3699951,151.858,-1.996585624,-4.427045978,-7.634283815,3.045236699,-2.25295418,2.640039928,-10.62559297,10.19224434,0.566651368,25880
Griffin Jax,MIN,RP,531.5800171,60.6489,-1.439089186,-2.130527942,-1.475397714,-3.091256795,5.217600946,-2.587623124,-5.506293815,5.072682396,0.566388581,20253
DL Hall,MIL,SP,322.6000061,102.739,-1.847554791,-2.652279124,-6.409666611,0.738992538,-0.474917942,-0.006974778,-10.65240071,10.19224434,0.539843631,22207
Joe Kelly,LAD,RP,737.6400146,54.5709,-1.503088516,-0.412314667,-2.812456831,-2.550796336,4.581536964,-2.837960854,-5.535080239,5.072682396,0.537602157,9761
Trevor Bauer,,SP,574.0700073,45.2901,-1.996585624,-1.223953358,-0.25479856,-3.873299632,-2.368412322,-1.140036252,-10.85708575,10.19224434,0.33515859,12703
Scott Barlow,CLE,RP,478.1199951,66.331,-1.055990379,-0.544621285,-3.018520417,-2.355955312,4.060738453,-2.837960854,-5.752309794,5.072682396,0.320372602,14993
A.J. Puk,MIA,SP,351.6900024,91.4776,-1.160769288,-3.216302246,-3.53037729,-0.517738066,-1.06661956,-1.429435973,-10.92124242,10.19224434,0.271001914,19343
Kenley Jansen,BOS,RP,127.4199982,58.6819,6.261622299,-2.07815752,-2.514362343,-2.614523049,-2.034653538,-2.837960854,-5.818035004,5.072682396,0.254647392,3096
Julian Merryweather,CHC,RP,546.7600098,62.7298,-1.091406024,-1.356511619,-3.606849052,-2.176596433,5.173792393,-2.837960854,-5.895531589,5.072682396,0.177150807,16703
Garrett Whitlock,BOS,SP,374.0299988,109.682,-1.534704865,-5.448536792,-2.696655811,-0.376314479,-0.499884829,-0.472415011,-11.02851179,10.19224434,0.163732551,20191
Tyler Holton,DET,RP,744.1300049,56.0539,-1.862441715,0.404631586,-0.181746666,-3.795051687,2.307140615,-2.837960854,-5.965428722,5.072682396,0.107253674,26231
Ryan Walker,SFG,SP/RP,748.0900269,56.1057,-1.89179275,-0.111598303,-3.735872059,-2.966119806,0.301072951,-2.837960854,-11.24227082,10.19224434,-0.050026484,20423
Chad Green,TOR,RP,703.5700073,49.9269,-1.641597076,-1.069681186,0.071105443,-3.39842702,2.699072408,-2.837960854,-6.177488286,5.072682396,-0.104805889,15552
Cole Ragans,KCR,SP,95.27999878,160.313,-1.996585624,-3.945068835,-9.522237297,3.554419949,-2.36117785,2.817748717,-11.45290094,10.19224434,-0.260656601,21846
Kenta Maeda,DET,SP,246.3000031,131.915,-1.996585624,-7.75458315,-2.284093289,1.380095475,-2.251979553,1.440008558,-11.46713758,10.19224434,-0.274893245,18498
Danny Coulombe,BAL,RP,746.8499756,54.5065,-1.613873335,-0.504515904,-2.97260281,-3.349646842,4.900911518,-2.837960854,-6.377688226,5.072682396,-0.30500583,13293
Hunter Greene,CIN,SP,136.4499969,149.23,-1.996585624,-8.538448917,-5.526559509,4.447250234,-2.368412322,2.415633931,-11.56712221,10.19224434,-0.374877869,22182
John Means,BAL,SP,347.7000122,107.614,-1.996585624,-6.129283463,-0.279433101,-1.728452386,-2.270262811,0.77142389,-11.6325935,10.19224434,-0.440349158,16269
John Schreiber,KCR,RP,682.3099976,58.4785,-1.174872872,-0.497634812,-3.218137328,-3.137103466,4.142096859,-2.837960854,-6.723612473,5.072682396,-0.650930077,20020
Scott Alexander,OAK,SP/RP,999,46.4794,-1.849518499,-1.373753473,-3.001835895,-4.806493107,1.956653824,-2.837960854,-11.912908,10.19224434,-0.720663666,10591
Abner Uribe,MIL,RP,503.0299988,57.9159,-1.560337529,1.176419414,-5.962658278,-2.288387255,4.65472935,-2.837960854,-6.818195152,5.072682396,-0.745512756,25327
Gavin Williams,CLE,SP,161.8999939,143.97,-1.996585624,-4.665694142,-6.785663381,2.027139734,-2.368412322,1.805551151,-11.98366458,10.19224434,-0.791420246,30122
Nick Pivetta,BOS,SP,166.9100037,160.711,-1.919676634,-9.461005337,-4.676309994,4.242928387,-2.184190362,1.998050508,-12.00020343,10.19224434,-0.807959093,15454
Tommy Kahnle,NYY,RP,704.2399902,46.5055,-1.456716476,-0.185736153,-1.440045367,-3.689441031,2.719289242,-2.837960854,-6.890610638,5.072682396,-0.817928242,11384
JoJo Romero,STL,RP,672.0700073,52.9699,-1.160442254,-0.154833426,-1.568634531,-3.310188488,2.062191071,-2.837960854,-6.969868483,5.072682396,-0.897186086,19574
Jonathan Loaisiga,NYY,RP,652.25,50.5897,-1.108637839,-0.428692002,-1.464427141,-4.37406174,3.185943608,-2.837960854,-7.027835968,5.072682396,-0.955153572,19753
Jose Berrios,TOR,SP,165.1900024,174.304,-1.996585624,-9.032739521,-5.417522868,3.030611622,-2.368412322,3.627724199,-12.15692451,10.19224434,-0.964680177,14168
Andrew Kittredge,STL,RP,657.8800049,51.2334,-1.250574637,-0.595491347,-0.626287932,-4.217958385,2.282863371,-2.837960854,-7.245409785,5.072682396,-1.172727389,12828
Sam Hentges,CLE,RP,750.4899902,60.1728,-1.845358881,0.002771937,-4.135937734,-2.943344508,4.511143173,-2.837960854,-7.248686866,5.072682396,-1.17600447,18548
Eduardo Rodriguez,ARI,SP,192.3999939,162.713,-1.996585624,-4.582210329,-9.230379181,2.43887755,-2.368412322,3.36888976,-12.36982015,10.19224434,-1.177575809,13164
Merrill Kelly,ARI,SP,145.1600037,179.527,-1.996585624,-6.387128293,-9.186241211,3.459135415,-2.368412322,4.101331572,-12.37790046,10.19224434,-1.185656125,11156
Brock Burke,TEX,RP,999,63.522,-1.895263631,-1.528842678,-1.514521997,-3.042746614,3.393549051,-2.837960854,-7.425786723,5.072682396,-1.353104327,17968
Mark Leiter Jr.,CHC,RP,735.1199951,60.8684,-1.582664292,-2.482488631,-2.593478893,-2.751982524,4.703968891,-2.837960854,-7.544606302,5.072682396,-1.471923906,15551
David Robertson,TEX,RP,324.1199951,59.1203,0.349679944,-1.328655341,-3.898857178,-2.767188671,2.90574326,-2.837960854,-7.577238841,5.072682396,-1.504556444,8241
Nathan Eovaldi,TEX,SP,202.5099945,149.017,-1.996585624,-6.339666714,-6.225484663,1.467493323,-2.368412322,2.692850919,-12.76980508,10.19224434,-1.577560743,9132
Tyler Wells,BAL,SP,320.0299988,102.717,-1.86014835,-6.954593039,-1.077727829,-1.104408654,-1.384281364,-0.502361353,-12.88352059,10.19224434,-1.69127625,20000
Ryan Brasier,LAD,RP,739.9099731,56.3686,-1.759532311,-2.694819929,-1.736819165,-3.475221134,4.732431314,-2.837960854,-7.771922079,5.072682396,-1.699239683,5615
Aaron Bummer,ATL,RP,744.25,59.8083,-1.744701889,-0.885384333,-4.760623035,-2.505153894,4.953015099,-2.837960854,-7.780808906,5.072682396,-1.70812651,16258
Ian Hamilton,NYY,RP,698.9000244,59.8524,-1.553090026,0.445882947,-3.822678381,-2.77015864,2.753860173,-2.837960854,-7.784144782,5.072682396,-1.711462386,19261
Richard Kerkering,PHI,RP,379.6700134,53.0839,-1.155622897,-0.549191921,-2.037086844,-3.165432398,1.915695656,-2.837960854,-7.829599258,5.072682396,-1.756916862,31776
Jose Leclerc,TEX,RP,188.4900055,60.033,3.475977135,-1.769221137,-4.591808783,-2.716299054,0.587485153,-2.837960854,-7.85182754,5.072682396,-1.779145144,14524
Jason Foley,DET,RP,486.7600098,60.9067,-0.093773099,-0.604372183,-4.692392417,-3.833763279,4.204953654,-2.837960854,-7.857308178,5.072682396,-1.784625782,19531
Cristopher Sanchez,PHI,SP,223.5500031,145.096,-1.995236091,-5.998262986,-5.527202589,1.023833998,-2.241126627,1.690601943,-13.04739235,10.19224434,-1.855148013,20778
Tyler Rogers,SFG,RP,698.8400269,67.9365,-1.40614071,-2.094063685,-4.330638337,-3.791601031,6.472678858,-2.837960854,-7.98772576,5.072682396,-1.915043364,15541
Gregory Soto,PHI,RP,607.3900146,63.379,-1.00176063,-2.027985201,-5.172967364,-2.591278833,5.606695538,-2.837960854,-8.025257344,5.072682396,-1.952574948,19677
Robbie Ray,SFG,SP,540.8800049,49.7992,-1.996585624,-2.332424619,-2.026722985,-3.537223327,-2.259580744,-1.023486986,-13.17602428,10.19224434,-1.983779947,11486
Jeff Hoffman,PHI,RP,450,63.2629,-0.87544754,-1.948461937,-3.396002632,-2.279410888,3.187582086,-2.837960854,-8.149701766,5.072682396,-2.07701937,17432
Nick Lodolo,CIN,SP,252.3899994,111.764,-1.996585624,-5.826901285,-5.297365017,1.128828277,-2.260216919,0.974912934,-13.27732763,10.19224434,-2.085083297,26378
Alex Cobb,SFG,SP,465.6300049,100.656,-1.996585624,-1.982847178,-6.569206644,-1.433056575,-2.281892278,0.905237421,-13.35835088,10.19224434,-2.166106541,6562
Pierce Johnson,ATL,RP,653.8400269,56.5677,-1.604168436,-1.048795187,-4.200884389,-2.282143628,3.718560814,-2.837960854,-8.255391681,5.072682396,-2.182709285,13435
Griffin Canning,LAA,SP,264.3299866,140.837,-1.996585624,-7.532153616,-5.447819221,2.212646703,-2.368412322,1.687607575,-13.44471651,10.19224434,-2.252472168,19867
J.P. Feyereisen,LAD,RP,999,40.87,-1.871228772,0.397432209,-1.711133064,-4.417778895,2.076524923,-2.837960854,-8.364144453,5.072682396,-2.291462057,16610
Dylan Cease,SDP,SP,105.7300034,173.376,-1.996585624,-6.369790435,-11.44907654,5.26508777,-2.368412322,3.422773352,-13.4960038,10.19224434,-2.303759461,18525
Phil Maton,TBR,RP,728.3699951,61.4809,-1.865920604,-1.348857331,-2.381660613,-2.711426644,2.75179136,-2.837960854,-8.394034686,5.072682396,-2.32135229,18064
Trevor Stephan,CLE,RP,744.8200073,52.641,-1.668114197,-1.584156117,-2.792601535,-3.33341009,3.738431119,-2.837960854,-8.477811673,5.072682396,-2.405129277,19932
Will Vest,DET,RP,721.5999756,59.8696,-1.503908356,-0.911929156,-3.292266571,-3.032405262,3.087536092,-2.837960854,-8.490934107,5.072682396,-2.418251711,19769
Lance McCullers Jr.,HOU,SP,694.0900269,37.84,-1.996585624,-0.606504056,-2.726188723,-4.564296889,-2.247563087,-1.473948717,-13.6150871,10.19224434,-2.422842759,14120
Adam Ottavino,NYM,RP,618.3400269,60.4458,-0.84571783,-1.946863728,-4.701670953,-3.064981457,4.806001303,-2.837960854,-8.591193518,5.072682396,-2.518511122,1247
Enyel De Los Santos,SDP,RP,739.0999756,61.5785,-1.892445094,-1.836528971,-3.303250806,-2.981785872,4.242353784,-2.837960854,-8.609617813,5.072682396,-2.536935417,18403
Gregory Santos,SEA,RP,543.0300293,60.4085,-1.003438485,-0.729089424,-3.773090174,-3.159983302,2.884896931,-2.837960854,-8.618665308,5.072682396,-2.545982912,21894
Seranthony Dominguez,PHI,RP,645.9299927,58.8835,-0.393026645,-2.057382505,-5.017897069,-3.104049122,4.6102913,-2.837960854,-8.800024894,5.072682396,-2.727342498,19249
Tyler Mahle,TEX,SP,664.5999756,38.7943,-1.996585624,-2.233323443,-1.576614887,-4.429940305,-2.146274839,-1.626288868,-14.00902797,10.19224434,-2.816783628,16358
Andrew Chafin,DET,RP,740.9000244,55.6731,-1.246525375,-1.681171819,-4.382607244,-3.141015656,4.33803333,-2.837960854,-8.951247618,5.072682396,-2.878565222,12988
Tariq Tiedemann,TOR,SP,999,53.3371,-1.996585624,-1.917829131,-3.664898771,-3.089194663,-2.190189652,-1.244982344,-14.10368018,10.19224434,-2.911435847,sa3018096
Trevor Megill,MIL,RP,668.8699951,55.7749,-1.306972564,-1.513049143,-3.091705677,-2.495886761,2.225619773,-2.837960854,-9.019955226,5.072682396,-2.94727283,17722
Tom Cosgrove,SDP,RP,750.8200073,55.7885,-1.793217855,-0.684148557,-2.477210221,-3.557081041,2.183109289,-2.837960854,-9.166509238,5.072682396,-3.093826842,23443
Andrew Thorpe,,SP,999,54.3431,-1.996585624,-2.307202734,-2.624397274,-3.788727985,-2.368412322,-1.242049167,-14.32737511,10.19224434,-3.135130768,sa3020678
Josh Sborz,TEX,RP,585.1300049,58.351,-1.439081015,-3.409515927,-3.388778109,-2.5673257,4.419350303,-2.837960854,-9.223311302,5.072682396,-3.150628906,18323
Matt Moore,LAA,RP,727,57.981,-1.663092788,-2.01381008,-4.965503766,-3.050485379,5.252219902,-2.837960854,-9.278632965,5.072682396,-3.205950569,1890
Wandy Peralta,SDP,RP,726.2700195,54.8419,-1.579662481,-0.060541018,-4.738336468,-3.734515325,3.516755488,-2.837960854,-9.434260657,5.072682396,-3.361578261,14295
JT Chargois,MIA,SP/RP,999,54.4187,-1.852981871,-2.573350869,-5.157062838,-3.898546443,1.707298282,-2.837960854,-14.61260459,10.19224434,-3.420360254,13767
Steven Okert,MIN,RP,750.7600098,50.8034,-1.91491547,-2.191616551,-2.23207321,-3.119120271,2.793099352,-2.837960854,-9.502587004,5.072682396,-3.429904607,13580
Anthony Bender,MIA,RP,711.2399902,48.0262,-1.186925155,-1.261369185,-2.793716459,-3.886511954,2.416485909,-2.837960854,-9.549997697,5.072682396,-3.477315301,19742
Brennan Bernardino,BOS,SP/RP,999,51.4649,-1.980807907,-1.873716566,-5.437674005,-3.599092137,0.973546443,-2.837960854,-14.75570503,10.19224434,-3.563460687,16835
Garrett Cleavinger,TBR,RP,750.8200073,43.118,-1.983066408,0.353636726,-1.775024155,-3.546519998,0.139518139,-2.837960854,-9.64941655,5.072682396,-3.576734154,17897
Taj Bradley,TBR,SP,243.4199982,129.252,-1.996585624,-7.043712682,-5.460826529,1.41411604,-2.259410084,0.574868953,-14.77154993,10.19224434,-3.579305587,22543
Kyle Finnegan,WSN,RP,236.0099945,66.6345,3.62319387,-2.888705024,-5.572339617,-2.86662747,0.871779106,-2.837960854,-9.670659989,5.072682396,-3.597977593,15009
Colin Holderman,PIT,RP,735.2800293,59.9147,-1.545864095,-2.327221811,-5.403451339,-3.268550312,5.662875537,-2.837960854,-9.720172874,5.072682396,-3.647490478,22361
Ryan Borucki,PIT,RP,999,51.7603,-1.996585624,-2.298143081,-1.668814197,-4.073034758,2.691903128,-2.534641873,-9.879316404,5.072682396,-3.806634008,16350
Marcus Stroman,NYY,SP,265.1499939,151.316,-1.996585624,-5.410637838,-9.319948951,0.909063515,-2.368412322,3.133200842,-15.05332038,10.19224434,-3.86107604,13431
Justin Topa,MIN,RP,746.8800049,53.5018,-1.725406647,-1.557577491,-3.952146726,-4.047827408,4.147730302,-2.837960854,-9.973188823,5.072682396,-3.900506427,15145
Nick Sandlin,CLE,RP,999,56.6812,-1.9770366,-1.953836892,-3.278927436,-3.205079981,3.250767989,-2.837960854,-10.00207377,5.072682396,-3.929391378,20517
Louie Varland,MIN,SP,309.3299866,120.365,-1.996585624,-6.324884082,-5.520089218,0.18525745,-2.209347934,0.709417505,-15.1562319,10.19224434,-3.963987565,27691
Kevin Kelly,TBR,RP,750.789978,48.5483,-1.852404005,-0.852075873,-0.821038911,-4.21670486,0.536742027,-2.837960854,-10.04344248,5.072682396,-3.97076008,25679
Dylan Lee,ATL,RP,999,38.7588,-1.982937228,-0.616730453,-1.216713953,-4.395860433,0.945341797,-2.837960854,-10.10486113,5.072682396,-4.032178729,19996
James Karinchak,CLE,RP,747.25,44.5488,-1.550665934,-0.954653489,-3.491917553,-3.27188743,1.977222365,-2.837960854,-10.1298629,5.072682396,-4.057180499,20151
Steven Wilson,CHW,RP,999,51.7526,-1.887474542,-3.06542239,-2.782812086,-3.471203946,3.901725636,-2.837960854,-10.14314818,5.072682396,-4.070465786,20353
Steven Matz,STL,SP,368.75,123.039,-1.996585624,-5.200834958,-6.930982155,0.154517466,-2.014048125,0.560982561,-15.42695083,10.19224434,-4.234706497,13361
Cristian Javier,HOU,SP,180.8099976,157.052,-1.996585624,-10.88245502,-5.633709868,3.215026602,-2.283557666,2.130814217,-15.45046736,10.19224434,-4.258223022,17606
Eli Morgan,CLE,RP,999,58.9011,-1.954759954,-2.943449074,-2.003410798,-3.128111176,2.180978798,-2.493259845,-10.34201205,5.072682396,-4.269329652,20203
James McArthur,KCR,RP,347.0700073,61.7287,0.652088,-3.354500345,-4.64046641,-3.275718621,3.060803957,-2.837960854,-10.39575427,5.072682396,-4.323071876,21527
Jordan Hicks,SFG,SP,323.3299866,102.426,-1.922119985,-1.916314049,-9.678729368,-0.11426401,-1.5162862,-0.37665874,-15.52437235,10.19224434,-4.332128013,19618
Alex Faedo,DET,SP,727.539978,49.4305,-1.996585624,-3.557854338,-2.165563576,-3.9420686,-1.595552899,-2.330042997,-15.58766803,10.19224434,-4.395423696,19874
Alex Lange,DET,RP,178.1600037,62.629,3.721570545,-1.969253558,-7.550855823,-2.409859667,0.530984991,-2.837960854,-10.51537437,5.072682396,-4.442691969,19883
Kyle Harrison,SFG,SP,259.4200134,134.585,-1.996585624,-5.911716811,-8.706021728,2.181344571,-2.368412322,1.101819741,-15.69957217,10.19224434,-4.507327836,27758
Nick Anderson,KCR,RP,598.7000122,48.495,-1.451417582,-3.304461705,-3.112222341,-4.130755996,4.24294938,-2.837960854,-10.5938691,5.072682396,-4.521186701,18337
Jesse Chavez,CHW,RP,744.3699951,50.0042,-1.664737502,-1.576734344,-3.892526342,-3.753228205,2.831151106,-2.573661136,-10.62973642,5.072682396,-4.557054028,5448
Sean Manaea,NYM,SP,316.7600098,135.877,-1.947793749,-8.541250963,-6.231311313,1.607797691,-2.286872044,1.545238916,-15.85419146,10.19224434,-4.661947125,15873
Brandon Pfaadt,ARI,SP,198.1000061,145.58,-1.996585624,-10.37777564,-3.924812014,1.551127827,-2.368412322,1.206505074,-15.9099527,10.19224434,-4.717708358,27782
Aaron Ashby,MIL,SP,410.8099976,75.7955,-1.996312338,-1.804598242,-7.516283823,-1.771186243,-1.642181588,-1.256534748,-15.98709698,10.19224434,-4.794852645,23550
Ryne Stanek,SEA,RP,750.5800171,54.4794,-1.827178238,-1.422867859,-4.256739555,-3.237956403,2.619752212,-2.837960854,-10.9629507,5.072682396,-4.890268301,15947
Dillon Tate,BAL,RP,744.5200195,51.1527,-1.607648476,-2.546070907,-2.407187774,-4.387587213,2.797065127,-2.837960854,-10.9893901,5.072682396,-4.916707702,17796
Garrett Crochet,CHW,SP,522.6099854,70.1998,-1.785989686,-2.11962738,-8.307370706,-2.127076185,0.086357081,-1.887385137,-16.14109201,10.19224434,-4.948847675,27463
Domingo German,,SP,627.3599854,77.4193,-1.996585624,-6.200384506,-2.339605633,-2.428274858,-2.368412322,-0.809913156,-16.1431761,10.19224434,-4.95093176,17149
Paul Skenes,PIT,SP,307.3699951,60.7839,-1.996585624,-3.381543997,-3.31710464,-3.261759537,-2.368412322,-1.983474749,-16.30888087,10.19224434,-5.116636531,sa3023079
Will Smith,KCR,RP,281.0899963,59.6586,1.951198016,-5.036306038,-4.531789126,-3.243308808,2.471422455,-2.837960854,-11.22674436,5.072682396,-5.154061959,8048
Blake Treinen,LAD,RP,727.3699951,41.5396,-1.869102486,-1.378002804,-2.251743875,-4.301838424,1.37370829,-2.837960854,-11.26494015,5.072682396,-5.192257759,12572
Luke Jackson,SFG,RP,750.539978,57.2182,-1.835189708,-1.495395847,-5.023190926,-3.069861944,2.956157043,-2.837960854,-11.30544224,5.072682396,-5.232759839,11752
Andrew Saalfrank,ARI,RP,999,50.983,-1.946713422,-0.061523334,-7.0154102,-3.710474732,4.219451354,-2.837960854,-11.35263119,5.072682396,-5.279948793,26203
James Paxton,LAD,SP,310.4200134,77.2469,-1.996585624,-5.146877325,-5.063822063,-1.954762617,-2.294381284,-0.057191506,-16.51362042,10.19224434,-5.32137608,11828
Woo-Suk Go,SDP,RP,587.3099976,59.8851,-0.963710866,-2.22802285,-6.223112416,-2.65874443,3.497888515,-2.837960854,-11.4136629,5.072682396,-5.340980505,sa3012630
Michael Fulmer,BOS,RP,999,35.4439,-1.750955134,-1.333603189,-2.607179814,-4.642746986,1.734787507,-2.837960854,-11.43765847,5.072682396,-5.364976073,13218
Dany Jimenez,OAK,RP,547.4899902,53.2089,0.026089124,-2.78722812,-5.342364799,-3.446109902,2.923984975,-2.837960854,-11.46358958,5.072682396,-5.39090718,21170
Ryan Thompson,ARI,RP,999,53.9531,-1.796827079,-2.16080619,-3.737742455,-4.066015986,3.078312594,-2.837960854,-11.52103997,5.072682396,-5.448357573,16647
Emilio Pagan,CIN,RP,695.5999756,63.4419,-1.11358937,-5.080202287,-3.436805338,-2.74316954,3.53009307,-2.837960854,-11.68163432,5.072682396,-5.608951922,14771
Emmet Sheehan,LAD,SP,272.0599976,95.7465,-1.994215572,-7.174778613,-4.872327424,-0.478147252,-2.147370217,-0.162305782,-16.82914486,10.19224434,-5.636900523,29839
Scott McGough,ARI,RP,750.4799805,54.7745,-1.21094703,-3.296634264,-4.09884051,-3.10994706,2.820065488,-2.837960854,-11.73426423,5.072682396,-5.661581833,12056
Yusei Kikuchi,TOR,SP,228.8999939,147.935,-1.996037689,-8.088782956,-8.857213835,2.645135992,-2.368412322,1.716869304,-16.94844151,10.19224434,-5.756197169,20633
Victor Gonzalez,NYY,RP,999,46.9546,-1.996585624,-1.472753602,-3.089056299,-4.1486095,1.684161852,-2.837960854,-11.86080403,5.072682396,-5.788121631,16408
Dauri Moreta,PIT,RP,739.1300049,35.433,-1.789201033,-1.507300527,-0.892251205,-4.375706184,-0.473005561,-2.837960854,-11.87542536,5.072682396,-5.802742967,21101
Sixto Sanchez,MIA,RP,712.8499756,44.2292,-1.996585624,-0.537888274,-1.729330164,-4.23350376,-0.831582216,-2.649900052,-11.97879009,5.072682396,-5.906107693,19680
Keynan Middleton,STL,RP,745.9000244,45.2943,-1.785550628,-1.701770737,-3.031073201,-3.835893718,1.154528511,-2.837960854,-12.03772063,5.072682396,-5.965038231,15264
Kirby Yates,TEX,RP,559.8099976,57.2065,-1.456983143,-3.177908748,-5.780282591,-2.649882984,3.854801621,-2.837960854,-12.0482167,5.072682396,-5.975534303,9073
Cionel Perez,BAL,RP,999,53.3249,-1.753158872,-0.716432414,-6.832501922,-3.864790106,3.937033882,-2.837960854,-12.06781029,5.072682396,-5.99512789,19614
Keaton Winn,SFG,SP,450.5499878,122.511,-1.99226361,-6.837573353,-6.773442178,-0.450054625,-2.012179237,0.872931402,-17.1925816,10.19224434,-6.000337263,23499
Trevor Gott,OAK,RP,720.1599731,57.2715,-1.094405874,-3.839610914,-4.290959169,-3.47578882,3.351190173,-2.837960854,-12.18753546,5.072682396,-6.114853062,15046
Fernando Cruz,CIN,RP,730.1500244,48.2316,-1.943814717,-2.924779437,-3.058005395,-3.006862377,1.524929865,-2.837960854,-12.24649291,5.072682396,-6.173810519,7048
Hayden Wesneski,CHC,SP/RP,590.75,60.3521,-1.996585624,-4.548978044,-3.926181773,-3.431000677,-1.535648836,-1.985588086,-17.42398304,10.19224434,-6.231738701,27581
Joe Mantiply,ARI,RP,999,53.0955,-1.920765094,-1.918016107,-2.801749635,-4.128025563,1.301360567,-2.837960854,-12.30515669,5.072682396,-6.23247429,14857
Jay Jackson,MIN,RP,999,37.128,-1.987272718,-0.750349963,-1.44617574,-4.513499578,-0.84064575,-2.837960854,-12.3759046,5.072682396,-6.303222207,7432
Rafael Montero,HOU,RP,746.6300049,56.9535,-1.76939071,-3.389835047,-4.975338437,-3.164727867,3.737346334,-2.837960854,-12.39990658,5.072682396,-6.327224185,12760
Drew Smith,NYM,RP,999,55.0655,-1.719572065,-3.650287133,-4.693822455,-3.317637641,3.806595074,-2.837960854,-12.41268507,5.072682396,-6.340002677,17755
Michael Grove,LAD,SP/RP,613.9000244,43.8204,-1.996585624,-4.288676132,-3.109399667,-4.069079184,-1.431710458,-2.72955335,-17.62500442,10.19224434,-6.432760077,23221
Trevor Richards,TOR,RP,744.460022,50.9705,-1.996585624,-3.167574747,-3.329263108,-2.953024713,1.531479301,-2.623276934,-12.53824583,5.072682396,-6.465563429,19309
Kody Funderburk,MIN,RP,999,40.3855,-1.909505622,0.192051333,-3.149968485,-4.160375376,-0.730954398,-2.837960854,-12.5967134,5.072682396,-6.524031007,24993
Jose Soriano,LAA,RP,706.1300049,59.4152,-1.812154573,-2.291872786,-7.421519598,-2.612945066,3.964557006,-2.45693899,-12.63087401,5.072682396,-6.55819161,22100
Carlos Estevez,LAA,RP,229.6699982,63.2447,2.994476747,-4.241633502,-6.534644448,-2.776672725,0.709023686,-2.837960854,-12.6874111,5.072682396,-6.614728701,14542
Trevor Rogers,MIA,SP,337.75,104.463,-1.996585624,-6.29078685,-7.1617778,-0.487829304,-2.182919129,0.260165905,-17.8597328,10.19224434,-6.667488465,22286
Luis Garcia,LAA,RP,999,59.8049,-1.815213221,-2.521417619,-5.561636305,-3.401118915,3.355862659,-2.837960854,-12.78148425,5.072682396,-6.708801859,6984
Elvis Peguero,MIL,RP,999,50.4598,-1.83789694,-2.713279378,-4.37806907,-4.073017681,3.008709322,-2.837960854,-12.8315146,5.072682396,-6.758832205,21652
Shelby Miller,DET,RP,509.5799866,51.4646,-1.209955142,-2.244557114,-4.261106023,-3.599368826,0.993201344,-2.538974267,-12.86076003,5.072682396,-6.788077633,10197
David Peterson,NYM,SP,700.9299927,70.9286,-1.996585624,-3.163709807,-7.695337731,-2.204096912,-1.949691894,-1.013435886,-18.02285785,10.19224434,-6.830613516,20302
Carmen Mlodzinski,PIT,RP,999,50.4921,-1.780514152,-1.952051336,-6.41913516,-3.972246897,4.020218154,-2.837960854,-12.94169024,5.072682396,-6.869007848,27572
Lucas Sims,CIN,RP,628.2199707,54.8243,-1.493647603,-5.359844135,-6.111586209,-2.926684529,5.687304858,-2.837960854,-13.04241847,5.072682396,-6.969736076,13470
Miguel Castro,ARI,RP,750.8699951,55.5222,-1.47472999,-3.479402663,-5.525173412,-3.54541001,3.626957216,-2.837960854,-13.23571971,5.072682396,-7.163037316,15684
Logan Allen,CLE,SP,343.3299866,136.979,-1.996585624,-6.853174807,-9.852004381,1.005656959,-2.368412322,1.704413936,-18.36010624,10.19224434,-7.167861902,27589
Kyle Nelson,ARI,RP,999,44.1758,-1.979656773,-2.187436542,-3.70815079,-4.018793253,1.434188821,-2.837960854,-13.29780939,5.072682396,-7.225126994,20515
Zach Jackson,OAK,RP,748.4899902,41.9541,-1.756601277,-1.296357193,-5.859569066,-3.755101108,2.096519055,-2.837960854,-13.40907044,5.072682396,-7.336388047,19493
Reid Detmers,LAA,SP,229.6000061,152.813,-1.996585624,-9.883370166,-9.447010744,3.038616461,-2.368412322,2.068075962,-18.58868643,10.19224434,-7.396442096,27468
Ron Marinaccio,NYY,RP,999,46.6129,-1.891982463,-2.393910275,-4.26730198,-3.594273033,1.503705462,-2.837960854,-13.48172314,5.072682396,-7.409040748,23488
Keegan Akin,BAL,RP,999,41.5838,-1.951826309,-2.052021742,-2.29396862,-4.2675924,-0.357947135,-2.576923412,-13.50027962,5.072682396,-7.427597224,19362
Chris Devenski,TBR,RP,747.2999878,51.2207,-1.973031325,-5.010691399,-2.105967757,-3.890503758,2.241329852,-2.795440564,-13.53430495,5.072682396,-7.461622554,12763
Sam Moll,CIN,RP,999,51.0446,-1.8145685,-1.960553792,-5.525312704,-3.494614314,2.093813214,-2.837960854,-13.53919695,5.072682396,-7.466514554,14874
Jhony Brito,SDP,SP,519.6400146,106.787,-1.995346602,-6.118188256,-6.434596922,-1.705750933,-2.001835524,-0.419059722,-18.67477796,10.19224434,-7.482533621,25386
Chris Paddack,MIN,SP,293.6700134,117.655,-1.996585624,-9.307753918,-5.158657864,-0.374788649,-2.25686511,0.415390764,-18.6792604,10.19224434,-7.487016064,20099
Mason Black,SFG,SP,999,81.6408,-1.996585624,-5.303195357,-6.947717802,-2.146287522,-1.701337684,-0.659445212,-18.7545692,10.19224434,-7.562324863,sa3018146
Mitch Keller,PIT,SP,162.0700073,180.817,-1.996585624,-9.651161462,-12.25885773,3.672769164,-2.368412322,3.751776227,-18.85047175,10.19224434,-7.658227409,17594
Jose Butto,NYM,SP,704.9899902,35.8394,-1.996585624,-3.664521725,-4.375796926,-4.903824543,-1.985148568,-1.978400367,-18.90427775,10.19224434,-7.712033415,23313
Bryan Baker,BAL,RP,999,38.0912,-1.902531847,-1.465928225,-3.560513932,-4.366155439,0.333784587,-2.837960854,-13.79930571,5.072682396,-7.726623314,19804
Drew Smyly,CHC,SP,647.5800171,74.768,-1.927265486,-6.248525896,-6.20977517,-2.393568916,-0.251155135,-1.946756364,-18.97704697,10.19224434,-7.78480263,11760
Ryan Yarbrough,LAD,SP/RP,623.539978,66.8974,-1.960673908,-6.432241386,-3.064599106,-3.644417274,-1.882999861,-1.995133299,-18.98006483,10.19224434,-7.787820497,16502
Cole Irvin,BAL,SP,489.6900024,87.2792,-1.996585624,-6.759546183,-4.595995142,-2.808673619,-1.899183151,-0.992029404,-19.05201312,10.19224434,-7.859768785,19244
Ross Stripling,OAK,SP,529.789978,122.551,-1.996245469,-9.077336438,-5.392288413,-0.948814601,-2.037993112,0.34049813,-19.1121799,10.19224434,-7.919935566,13273
Joe Ross,MIL,SP,667.1799927,70.3419,-1.996585624,-5.938014934,-5.221206975,-3.000292908,-1.965737643,-1.012777323,-19.13461541,10.19224434,-7.942371069,12972
Kyle Hurt,LAD,RP,622.9899902,35.7394,-1.996585624,-1.258563579,-2.065327502,-4.230781865,-2.141367955,-2.330911851,-14.02353838,5.072682396,-7.95085598,27514
Genesis Cabrera,TOR,RP,999,53.4874,-1.996115601,-3.504196717,-5.370338343,-3.640286318,3.251546265,-2.837960854,-14.09735157,5.072682396,-8.024669171,17490
Brandon Bielak,HOU,SP,744.3599854,50.4428,-1.996585624,-3.050350219,-6.481042054,-4.210082083,-1.041289547,-2.447990875,-19.2273404,10.19224434,-8.035096065,19866
Luke Little,CHC,RP,750.3699951,35.2837,-1.996585624,-0.05213941,-4.211754252,-4.112218037,-0.899120207,-2.837960854,-14.10977838,5.072682396,-8.037095989,28036
Collin McHugh,,RP,999,48.6912,-1.996585624,-4.174425444,-4.637430941,-4.216512631,3.720934723,-2.837960854,-14.14198077,5.072682396,-8.069298374,7531
Beau Brieske,DET,RP,750.0999756,50.0443,-1.926303029,-3.024710503,-3.433459986,-4.212355136,0.703219097,-2.307649945,-14.2012595,5.072682396,-8.128577106,26079
Joey Lucchesi,NYM,SP,699.210022,53.7513,-1.996585624,-3.743559682,-5.841997569,-4.244263723,-2.080196294,-1.479439441,-19.38604233,10.19224434,-8.193797995,19320
Cade Cavalli,WSN,SP,653.5800171,48.5172,-1.996585624,-4.256098056,-5.534169235,-4.012574549,-2.098830884,-1.516474748,-19.4147331,10.19224434,-8.222488758,27473
Nick Robertson,STL,RP,999,36.1934,-1.996585624,-1.552042816,-1.812369643,-4.580281182,-1.619835087,-2.837960854,-14.39907521,5.072682396,-8.326392811,26226
Edward Cabrera,MIA,SP,290.6700134,128.935,-1.996585624,-5.207273368,-12.44716219,1.585116084,-2.368412322,0.897940527,-19.53637689,10.19224434,-8.344132556,21690
JP Sears,OAK,SP,381.6099854,161.279,-1.996585624,-11.80862981,-7.346826383,2.026318204,-2.368412322,1.897320426,-19.59681551,10.19224434,-8.404571169,23429
Ronel Blanco,HOU,SP/RP,707.5700073,54.034,-1.996585624,-4.861754245,-6.899666444,-3.526109367,-0.177832095,-2.165265655,-19.62721343,10.19224434,-8.434969091,19407
Connor Phillips,,SP,648.9099731,36.7551,-1.996585624,-4.062789233,-5.34563169,-4.313209458,-2.249306037,-1.74850092,-19.71602296,10.19224434,-8.523778624,27649
Tanner Banks,CHW,RP,750.9099731,54.9464,-1.81584209,-3.383284366,-3.227013938,-3.819173279,0.347911275,-2.736411189,-14.63381359,5.072682396,-8.561131191,16990
Jon Gray,TEX,SP,312.1300049,153.774,-1.996585624,-10.53721883,-9.320530452,2.058389251,-2.368412322,2.377987198,-19.78637078,10.19224434,-8.594126441,14916
Tim Herrin,CLE,RP,999,36.5959,-1.996585624,-1.00390186,-3.586896236,-4.520369275,-0.74902638,-2.837960854,-14.69474023,5.072682396,-8.622057833,25139
Bowden Francis,TOR,RP,624.7000122,58.4409,-1.949035893,-3.669168035,-2.006978514,-3.333940854,-1.899855845,-1.966304513,-14.82528365,5.072682396,-8.752601257,20548
Zack Thompson,STL,SP/RP,631.0700073,60.4031,-1.995935956,-3.880084397,-7.244693247,-3.314808209,-1.882748028,-1.656308155,-19.97457799,10.19224434,-8.782333654,25918
Charlie Morton,ATL,SP,232.2400055,143.893,-1.996585624,-7.520542929,-12.77310475,2.600175235,-2.368412322,2.061377652,-19.99709274,10.19224434,-8.804848399,4676
Yency Almonte,CHC,RP,999,47.0139,-1.908508783,-3.347273405,-4.570404841,-3.93858679,1.720515333,-2.837960854,-14.88221934,5.072682396,-8.809536943,15068
Eric Lauer,,SP,733.0100098,42.2111,-1.996585624,-4.706475276,-4.855082501,-4.589693468,-2.222651044,-1.669785232,-20.04027315,10.19224434,-8.848028808,19316
Connor Brogdon,PHI,RP,999,45.7194,-1.926962687,-2.871844342,-3.577340656,-4.09217871,0.371335616,-2.837960854,-14.93495163,5.072682396,-8.862269237,21205
Michael Tonkin,NYM,RP,999,45.9938,-1.965732529,-3.332445023,-2.062934487,-4.060429814,-0.67804688,-2.837960854,-14.93754959,5.072682396,-8.864867191,10315
Ranger Suarez,PHI,SP,346.0700073,148.098,-1.941784366,-5.62689936,-13.55252664,1.034156659,-2.368412322,2.398074374,-20.05739166,10.19224434,-8.865147321,17277
Jakob Junis,MIL,SP,502.3599854,99.0794,-1.939241121,-7.892949183,-6.131022484,-1.049892305,-1.962323766,-1.089091652,-20.06452051,10.19224434,-8.872276173,13619
John King,STL,RP,999,49.4907,-1.8571024,-1.569013551,-6.498459548,-4.905779137,2.624941194,-2.837960854,-15.0433743,5.072682396,-8.9706919,22051
Kutter Crawford,BOS,SP,251.2700043,139.43,-1.996585624,-11.70800896,-6.8376708,1.484225763,-2.218693052,1.024480915,-20.25225176,10.19224434,-9.060007424,20531
Reese Olson,DET,SP,296.2099915,131.716,-1.996585624,-9.046397092,-9.069636692,0.787040493,-2.366577533,1.438972792,-20.25318365,10.19224434,-9.060939317,24968
Andrew Abbott,CIN,SP,272.8699951,130.86,-1.996585624,-8.906901908,-10.0108411,1.760384391,-2.368412322,1.26276264,-20.25959392,10.19224434,-9.067349585,29911
Sawyer Gipson-Long,DET,RP,457.1300049,67.344,-1.996585624,-4.302564469,-3.034036995,-2.831746607,-2.099596478,-0.96591387,-15.23044404,5.072682396,-9.157761646,26048
Nick Ramirez,NYY,RP,999,37.5753,-1.909679557,-1.491556729,-2.781544902,-5.118975122,-1.154915482,-2.837960854,-15.29463265,5.072682396,-9.22195025,12575
Prelander Berroa,CHW,RP,551.8200073,46.5281,-1.417112532,-2.522742917,-5.951293051,-3.465477468,0.874156075,-2.837960854,-15.32043075,5.072682396,-9.24774835,22932
Yonny Chirinos,,SP/RP,999,37.5893,-1.996585624,-4.900535395,-4.568272468,-5.290425738,-1.32451178,-2.367882695,-20.4482137,10.19224434,-9.255969362,16401
Brad Boxberger,,RP,999,40.6739,-1.793561673,-3.273530362,-3.379176132,-4.427354102,0.36792683,-2.837960854,-15.34365629,5.072682396,-9.270973896,10133
Zack Littell,TBR,SP,358.1900024,131.314,-1.995481228,-10.32533545,-6.602737605,-0.317174949,-2.268746587,1.020993868,-20.48848195,10.19224434,-9.296237617,15823
Cody Bradford,TEX,SP,624.2399902,70.6992,-1.996585624,-7.792017519,-3.577724988,-3.152800685,-2.166924465,-1.834103763,-20.52015704,10.19224434,-9.327912706,27597
Bennett Sousa,HOU,RP,999,50.0329,-1.972323986,-3.403977694,-4.31618985,-3.792025411,0.902868272,-2.837960854,-15.41960952,5.072682396,-9.346927126,21345
Jordan Leasure,CHW,RP,999,51.8397,-0.477030423,-4.463228696,-5.924082319,-3.551082489,1.822659802,-2.837960854,-15.43072498,5.072682396,-9.358042581,sa3017607
Andrew Heaney,TEX,SP,368.8999939,122.304,-1.996585624,-9.59071809,-8.623227261,0.89316276,-2.182484836,0.938710312,-20.56114274,10.19224434,-9.368898401,15423
Robert Garcia,WSN,RP,999,54.94,-1.986329314,-3.453179051,-6.275101117,-3.330252969,2.389233981,-2.837960854,-15.49358932,5.072682396,-9.420906927,23363
Tayler Saucedo,SEA,RP,999,52.7308,-1.887468757,-2.134966256,-5.642629057,-3.904480149,0.873845094,-2.837960854,-15.53365998,5.072682396,-9.460977583,17888
Max Meyer,,SP,412.2799988,76.1724,-1.996585624,-6.116612553,-7.242167215,-2.64533134,-2.161878099,-0.492147157,-20.65472199,10.19224434,-9.46247765,27474
Dylan Floro,WSN,RP,744.3300171,48.5408,-1.477316128,-3.038845473,-5.009949396,-4.190026833,1.018478154,-2.837960854,-15.53562053,5.072682396,-9.462938134,13394
Kenny Rosenberg,,SP,999,41.0778,-1.996585624,-3.897244762,-6.280685306,-4.648246851,-1.9945453,-1.864527881,-20.68183572,10.19224434,-9.489591387,20009
Jorge Alcala,MIN,RP,750.6400146,37.5993,-1.996585624,-3.206652481,-2.737849335,-4.564135353,-0.276716559,-2.837960854,-15.61990021,5.072682396,-9.54721781,19459
Jake Odorizzi,,SP,999,39.6958,-1.996585624,-5.115446063,-4.486738155,-4.910138784,-2.368412322,-1.873903819,-20.75122477,10.19224434,-9.558980429,6397
Jimmy Herget,,RP,999,36.5953,-1.783237203,-2.979408457,-2.893841411,-4.821547179,-0.318166035,-2.837960854,-15.63416114,5.072682396,-9.561478742,17556
Ben Joyce,LAA,RP,657.2800293,43.8915,-1.512455236,-2.969187973,-6.756767187,-3.7587943,2.193766455,-2.837960854,-15.64139909,5.072682396,-9.568716699,31461
Jalen Beeks,COL,SP/RP,999,48.9333,-1.866781863,-4.945548404,-7.59639672,-4.039853723,0.523772631,-2.837960854,-20.76276893,10.19224434,-9.570524595,17192
Aaron Loup,,RP,999,39.8745,-1.928372445,-2.469327267,-4.438848514,-4.691359397,0.71988519,-2.837960854,-15.64598329,5.072682396,-9.57330089,10343
Frankie Montas,CIN,SP,326.4599915,127.247,-1.996585624,-10.11427527,-8.500546263,0.664057943,-2.368412322,1.534499809,-20.78126173,10.19224434,-9.589017388,14309
Jacob Webb,BAL,RP,999,52.3836,-1.905624919,-3.607726931,-6.140063545,-3.682019801,2.486131085,-2.837960854,-15.68726496,5.072682396,-9.614582569,19274
Sean Reid-Foley,NYM,RP,999,45.7147,-1.996585624,-2.737685648,-5.949518194,-3.476223816,1.298695687,-2.837960854,-15.69927845,5.072682396,-9.626596053,17034
Nate Pearson,TOR,RP,734.2199707,41.7828,-1.905400414,-2.548243628,-3.197491872,-4.075612885,-1.137108929,-2.837960854,-15.70181858,5.072682396,-9.629136185,20160
Jake Diekman,NYM,RP,999,53.7939,-1.822259244,-2.556329723,-8.232783161,-2.902746166,2.612192145,-2.837960854,-15.739887,5.072682396,-9.667204606,5003
Benjamin Brown,,RP,999,39.5405,-1.996585624,-1.876841657,-3.377120199,-4.233800987,-2.041200973,-2.26019936,-15.7857488,5.072682396,-9.713066404,sa3005122
Seth Martinez,HOU,RP,999,46.214,-1.90338384,-2.719242323,-3.937280503,-4.072584763,-0.327177189,-2.837960854,-15.79762947,5.072682396,-9.724947076,21045
Xzavion Curry,CLE,SP/RP,747.4500122,56.6098,-1.98521742,-5.276210601,-5.330326035,-4.260980932,-1.598878996,-2.535253846,-20.98686783,10.19224434,-9.794623491,25595
Trent Thornton,SEA,RP,750.3400269,52.9559,-1.996585624,-2.481487926,-5.831467853,-4.088436365,1.347680511,-2.837960854,-15.88825811,5.072682396,-9.815575715,17948
Lucas Erceg,OAK,RP,568.0900269,65.3042,-0.866999038,-3.48447881,-10.37997162,-2.235172431,3.913634259,-2.837960854,-15.89094849,5.072682396,-9.818266096,19360
Adam Cimber,LAA,RP,999,46.0091,-1.823986256,-4.507430578,-3.400812855,-4.811816666,1.464772085,-2.837960854,-15.91723513,5.072682396,-9.844552729,15288
Isaiah Campbell,BOS,RP,999,45.6972,-1.932393382,-2.856310595,-5.081351808,-4.094539685,0.823446848,-2.837960854,-15.97910948,5.072682396,-9.906427081,25551
Shintaro Fujinami,NYM,SP/RP,738,53.6233,-1.923651556,-6.859979964,-8.100345084,-3.288335565,1.710482484,-2.708444911,-21.17027459,10.19224434,-9.978030257,31839
Tyler Matzek,ATL,RP,750.4899902,42.3751,-1.958420907,-2.393213299,-6.393378983,-4.2260043,1.735544597,-2.837960854,-16.07343375,5.072682396,-10.00075135,10058
Tyler Alexander,TBR,RP,721.6699829,56.3476,-1.996585624,-5.099096856,-2.216285497,-3.977063,-0.418588925,-2.449280585,-16.15690049,5.072682396,-10.08421809,17735
Bailey Falter,PIT,SP,736.2399902,81.4738,-1.996585624,-7.778841978,-5.930289134,-2.893151344,-1.098464992,-1.581711903,-21.27904498,10.19224434,-10.08680064,20070
AJ Smith-Shawver,,SP,404.1499939,58.9413,-1.996585624,-5.86338053,-6.491485853,-3.162082126,-1.952739585,-1.828942077,-21.2952158,10.19224434,-10.10297146,29960
Randy Vasquez,SDP,SP,554.2800293,96.8701,-1.996585624,-5.314485384,-9.370227757,-1.792673863,-2.057499321,-0.773832673,-21.30530462,10.19224434,-10.11306028,24719
Ben Lively,CLE,SP/RP,750.7600098,55.8981,-1.996585624,-6.042312175,-5.186304842,-3.870318586,-1.956150549,-2.302999357,-21.35467113,10.19224434,-10.1624268,14932
Jorge Lopez,NYM,RP,745.960022,56.0065,-1.574430882,-4.454420555,-5.767236566,-3.659140658,1.942410841,-2.780935455,-16.29375328,5.072682396,-10.22107088,14527
Pedro Avila,SDP,SP/RP,731.0599976,55.999,-1.996585624,-4.255065663,-7.410033832,-3.782580126,-2.08316109,-1.9210911,-21.44851744,10.19224434,-10.2562731,18864
Taylor Clarke,MIL,RP,750.9299927,52.6968,-1.812098585,-5.277861716,-5.052422845,-3.527958501,2.146450241,-2.837960854,-16.36185226,5.072682396,-10.28916986,17611
Chris Stratton,KCR,RP,999,65.8978,-1.732018482,-4.882322245,-6.601287115,-3.038665965,2.716221334,-2.837960854,-16.37603333,5.072682396,-10.30335093,13761
Robert Gasser,MIL,SP,999,84.5645,-1.996585624,-7.40186705,-7.515463221,-1.911082154,-2.101232101,-0.570470131,-21.49670028,10.19224434,-10.30445594,sa3017310
Ian Gibaut,CIN,RP,748.4199829,52.5429,-1.754457023,-4.235042516,-6.777318733,-3.677557002,2.801649567,-2.837960854,-16.48068656,5.072682396,-10.40800416,17871
Drew Rom,STL,SP,999,36.9471,-1.996585624,-4.469507361,-6.106635527,-4.71631798,-1.995303567,-2.316128433,-21.60047849,10.19224434,-10.40823415,24602
Luke Weaver,NYY,SP,738.0999756,48.9982,-1.996585624,-6.363980253,-5.201471815,-4.088921206,-1.303999032,-2.647894073,-21.602852,10.19224434,-10.41060766,16918
Jose Cisnero,LAA,RP,999,47.8525,-1.76883538,-4.068128933,-6.403630084,-3.705955164,2.298827225,-2.837960854,-16.48568319,5.072682396,-10.41300079,6399
Matthew Liberatore,STL,SP/RP,666.25,60.9019,-1.996585624,-5.564360389,-7.408270464,-3.650437749,-0.804325227,-2.195328321,-21.61930777,10.19224434,-10.42706344,22294
Huascar Brazoban,MIA,RP,999,40.2885,-1.988034683,-2.087544333,-5.76518208,-4.17161995,0.329912271,-2.837960854,-16.52042963,5.072682396,-10.44774723,6107
Casey Mize,DET,SP,436.3099976,96.5328,-1.996585624,-8.523884797,-6.548731379,-2.340147787,-2.368412322,0.122412634,-21.65534928,10.19224434,-10.46310494,20492
Bryan Hoeing,MIA,SP/RP,999,46.905,-1.870502865,-6.060851023,-5.23932083,-4.730211757,-1.171457041,-2.616042293,-21.68838581,10.19224434,-10.49614147,26304
Jake Latz,TEX,RP,999,35.449,-1.996585624,-1.957880923,-3.771507247,-4.507039723,-1.522899964,-2.837960854,-16.59387434,5.072682396,-10.52119194,21306
Greg Weissert,BOS,RP,748.6400146,52.3433,-1.91320069,-4.176236736,-6.551745935,-3.459791374,2.338702491,-2.837960854,-16.6002331,5.072682396,-10.5275507,20375
Seth Lugo,KCR,SP,260.8999939,143.898,-1.995121623,-10.34226026,-10.31274998,0.742136505,-2.368412322,2.547065249,-21.72934243,10.19224434,-10.53709809,12447
Luis Gil,,RP,696.9299927,42.3484,-1.996585624,-2.620080433,-4.187345387,-3.904536457,-1.859374712,-2.053686806,-16.62160942,5.072682396,-10.54892702,21052
Tanner Rainey,WSN,RP,710.4500122,51.6677,-0.469149443,-4.457441667,-6.759447041,-3.308754273,1.162752679,-2.837960854,-16.6700006,5.072682396,-10.5973182,17610
Tejay Antone,CIN,RP,739.1199951,43.0477,-1.831719325,-3.68586841,-5.031196431,-4.192459807,0.886770938,-2.837960854,-16.69243389,5.072682396,-10.61975149,16233
Ken Waldichuk,OAK,SP/RP,750.7299805,63.8265,-1.995910496,-5.787533367,-7.381568326,-3.066600747,-2.134206767,-1.454825211,-21.82064491,10.19224434,-10.62840058,27681
Emerson Hancock,SEA,SP,609.1599731,68.7995,-1.996585624,-7.062673598,-5.871722036,-3.545979081,-1.887303542,-1.556599783,-21.92086366,10.19224434,-10.72861933,27470
Phil Bickford,NYM,RP,999,45.4136,-1.948085493,-3.781884411,-3.616062248,-3.875157535,-0.995773305,-2.837960854,-17.05492385,5.072682396,-10.98224145,18519
Ray Kerr,,RP,999,41.6942,-1.982877047,-2.201355678,-4.990548608,-4.004909399,-1.048167974,-2.837960854,-17.06581956,5.072682396,-10.99313716,23809
Jameson Taillon,CHC,SP,322.9299927,142.607,-1.961184989,-13.09226776,-6.923508385,0.609149752,-2.368412322,1.513858641,-22.22236506,10.19224434,-11.03012073,11674
Drew VerHagen,,RP,999,37.2728,-1.996585624,-3.881947552,-4.307247263,-4.739747964,0.652113905,-2.837960854,-17.11137535,5.072682396,-11.03869296,13424
Jose Suarez,LAA,SP,749.25,61.7367,-1.996585624,-6.470118905,-6.951988713,-3.424767896,-1.46166705,-1.929368082,-22.23449627,10.19224434,-11.04225193,19911
Jose Cuas,CHC,RP,999,52.9358,-1.920007075,-3.40237217,-7.889449185,-3.652146116,2.465764058,-2.837960854,-17.23617134,5.072682396,-11.16348895,17701
Daysbel Hernandez,,RP,999,35.9015,-1.996585624,-2.616607354,-4.603472718,-4.42917139,-0.80485832,-2.837960854,-17.28865626,5.072682396,-11.21597386,20271
Jose Hernandez,PIT,RP,999,43.2847,-1.996585624,-3.612480095,-5.088985416,-3.937240727,0.17972628,-2.837960854,-17.29352644,5.072682396,-11.22084404,22318
Riley O'Brien,STL,RP,747.5100098,42.222,-1.996585624,-2.378478122,-5.716834833,-4.239273853,-0.159272807,-2.837960854,-17.32840609,5.072682396,-11.2557237,20348
Grant Anderson,TEX,RP,999,44.3692,-1.987155826,-3.998468263,-4.46536037,-4.212168215,0.168522955,-2.837960854,-17.33259057,5.072682396,-11.25990818,20546
Josh Staumont,MIN,RP,750.3599854,35.5743,-1.767599115,-2.981223047,-4.644383155,-4.379529298,-0.743145988,-2.837960854,-17.35384146,5.072682396,-11.28115906,18335
MacKenzie Gore,WSN,SP,275.7000122,140.417,-1.996585624,-9.433416926,-12.56802771,2.148555378,-2.368412322,1.682895009,-22.53499219,10.19224434,-11.34274786,22201
Slade Cecconi,ARI,RP,741.7199707,50.8745,-1.996585624,-4.666691332,-2.769171998,-4.236601342,-1.973418418,-1.788340841,-17.43080956,5.072682396,-11.35812716,27500
Brad Hand,,RP,999,38.9355,-1.879967244,-3.23095254,-4.226111599,-4.528355883,-0.745133701,-2.837960854,-17.44848182,5.072682396,-11.37579943,9111
Jonathan Hernandez,TEX,RP,999,48.8722,-1.680417458,-3.822952518,-7.455332598,-3.939225091,2.256147714,-2.837960854,-17.4797408,5.072682396,-11.40705841,17464
Miguel Diaz,DET,RP,999,47.9948,-1.982466571,-2.548701787,-6.191822408,-4.007661293,-0.044183425,-2.837960854,-17.61279634,5.072682396,-11.54011394,18815
Sammy Peralta,,RP,999,35.5295,-1.996585624,-2.889987499,-3.81662039,-4.951402541,-1.1473952,-2.837960854,-17.63995211,5.072682396,-11.56726971,25589
William Warren,NYY,RP,999,36.7318,-1.996585624,-2.820758104,-4.026166978,-4.930124458,-1.963034655,-1.915419953,-17.65208977,5.072682396,-11.57940738,sa3018149
Anthony DeSclafani,MIN,SP,562.6300049,115.668,-1.996585624,-10.98472086,-7.136167789,-1.179204789,-2.140206234,0.644592208,-22.79229309,10.19224434,-11.60004875,13050
Daniel Palencia,CHC,RP,748.6699829,44.7122,-1.982931453,-3.613743889,-5.12841475,-3.853010153,-0.257984949,-2.837960854,-17.67404605,5.072682396,-11.60136365,27914
Mike Baumann,BAL,RP,748.9899902,47.9732,-1.982797552,-2.914887742,-5.97282972,-4.118267128,0.143846686,-2.837960854,-17.68289631,5.072682396,-11.61021391,20206
Tyler Kinley,COL,RP,487.5499878,58.7099,0.401241388,-7.376796085,-7.418022784,-3.249864201,2.780395032,-2.837960854,-17.7010075,5.072682396,-11.62832511,18297
Huascar Ynoa,ATL,RP,720.3300171,46.2534,-1.996585624,-4.106651984,-3.879750185,-3.929771498,-1.974567559,-1.832565684,-17.71989253,5.072682396,-11.64721014,20468
Lance Lynn,STL,SP,302.269989,161.93,-1.996585624,-14.23583314,-9.359672412,2.421101122,-2.368412322,2.692353634,-22.84704874,10.19224434,-11.65480441,2520
Josh Winckowski,BOS,RP,692.1199951,80.8799,-1.680309242,-5.223542698,-9.499460171,-2.592788509,3.599891265,-2.334798065,-17.73100742,5.072682396,-11.65832502,22387
Richard Bleier,WSN,RP,999,35.4148,-1.996272965,-3.0176411,-3.73057728,-5.508806706,-0.665019102,-2.837960854,-17.75627801,5.072682396,-11.68359561,7803
James Kaprielian,,SP,999,44.0422,-1.996585624,-6.408001903,-5.779576903,-4.634678225,-2.368412322,-1.757950772,-22.94520575,10.19224434,-11.75296141,18331
Andrew Wantz,LAA,RP,738.25,42.3391,-1.996585624,-3.927048105,-4.502365874,-4.373746743,-0.353091263,-2.736058605,-17.88889621,5.072682396,-11.81621382,24933
Michael Wacha,KCR,SP,288.6099854,133.342,-1.996585624,-11.10001625,-9.265624107,-0.062589323,-2.368412322,1.699202631,-23.094025,10.19224434,-11.90178066,14078
Javier Assad,CHC,SP,519.210022,95.0597,-1.996585624,-6.292712371,-10.95459777,-2.038202814,-0.958988781,-0.853056672,-23.09414403,10.19224434,-11.90189969,21741
Clarke Schmidt,NYY,SP,349.2799988,142.21,-1.994746628,-10.82645432,-9.871754005,0.905232786,-2.368412322,1.061135019,-23.09499947,10.19224434,-11.90275513,19899
Bryse Wilson,MIL,RP,749.4899902,66.2406,-1.911873368,-5.392888532,-4.974372689,-3.780079076,0.41331383,-2.408856682,-18.05475652,5.072682396,-11.98207412,19990
Tanner Houck,BOS,SP,404.0700073,130.43,-1.825628372,-8.461675961,-11.39514602,0.518293171,-2.136065533,0.113050994,-23.18717173,10.19224434,-11.99492739,19879
Jordan Wicks,CHC,SP,452.8399963,113.287,-1.996585624,-8.92483782,-9.910733831,-1.087369756,-2.255018446,0.908571308,-23.26597417,10.19224434,-12.07372983,30094
Andre Pallante,STL,RP,999,58.8016,-1.98209968,-2.309110935,-9.334575942,-4.275806775,2.489508326,-2.767429853,-18.17951486,5.072682396,-12.10683246,26108
Alex Young,CIN,RP,999,41.8441,-1.854635328,-4.132846169,-5.652430087,-4.555990438,0.842140086,-2.837960854,-18.19172279,5.072682396,-12.11904039,18333
Jairo Iriarte,,RP,721.0100098,39.2769,-1.996585624,-3.588336154,-4.036933394,-4.327193926,-1.73467752,-2.512242369,-18.19596899,5.072682396,-12.12328659,sa3010798
Jose A. Ferrer,WSN,RP,999,42.3844,-1.996585624,-4.101358529,-5.75422781,-4.713789237,1.155099859,-2.837960854,-18.24882219,5.072682396,-12.1761398,24017
Ethan Small,SFG,RP,999,47.2063,-1.953204029,-3.13384543,-6.768489238,-3.94548464,0.306617878,-2.837960854,-18.33236631,5.072682396,-12.25968392,26364
Angel Zerpa,KCR,RP,750.8200073,51.6959,-1.996585624,-3.938712016,-4.374945127,-4.258746878,-1.885594264,-1.999966067,-18.45454998,5.072682396,-12.38186758,22717
Johnny Cueto,,SP,999,52.356,-1.996585624,-7.059828996,-6.144811475,-4.665560361,-2.368412322,-1.349190022,-23.5843888,10.19224434,-12.39214446,6893
Mitch Spence,OAK,RP,747.7199707,54.9905,-1.92667493,-3.565286716,-5.021646893,-4.108780304,-1.520748167,-2.345039767,-18.48817678,5.072682396,-12.41549438,sa1169885
Roansy Contreras,PIT,SP,613.1799927,78.473,-1.994872883,-8.167219168,-7.45454295,-2.554792756,-1.836502533,-1.644284518,-23.65221481,10.19224434,-12.45997047,22810
Carlos Vargas,SEA,RP,750.8400269,36.8444,-1.996585624,-2.019769683,-6.115042032,-4.695088127,-0.873183298,-2.837960854,-18.53762962,5.072682396,-12.46494722,22915
Drew Rucinski,,SP,999,49.5887,-1.996585624,-6.537642274,-6.532741285,-4.50389991,-2.289893325,-1.802765231,-23.66352765,10.19224434,-12.47128331,12499
Brent Suter,CIN,RP,749.789978,60.6015,-1.9246289,-4.453757966,-6.882214656,-3.783997727,1.31255424,-2.837960854,-18.57000586,5.072682396,-12.49732347,13942
Jordan Weems,WSN,RP,999,60.9141,-1.984749607,-5.943594882,-7.130608155,-3.061840721,2.378552804,-2.837960854,-18.58020141,5.072682396,-12.50751902,13190
John McMillon,,RP,663.9400024,52.4416,-1.202529709,-4.592072422,-9.041090539,-2.997935625,2.030570341,-2.837960854,-18.64101881,5.072682396,-12.56833641,27942
Joey Estes,,RP,742.8099976,46.3341,-1.996585624,-5.215823294,-3.2692396,-4.53822001,-1.747715892,-1.951169519,-18.71875394,5.072682396,-12.64607154,26257
Chase Silseth,LAA,SP,346.0299988,115.581,-1.996585624,-8.573992174,-11.66281077,0.046406451,-1.925463822,0.257434478,-23.85501146,10.19224434,-12.66276712,30074
Dominic Leone,,RP,750.5499878,44.0998,-1.817143085,-4.149880283,-6.092163547,-4.097033351,0.187913723,-2.837960854,-18.8062674,5.072682396,-12.733585,13763
Justin Lawrence,COL,RP,375.1499939,62.9039,2.090083519,-6.075554557,-11.11966875,-2.906017516,1.996738608,-2.837960854,-18.85237955,5.072682396,-12.77969715,17639
Dean Kremer,BAL,SP,317.6700134,157.076,-1.996585624,-11.25449937,-11.97121991,1.306756863,-2.368412322,2.30136861,-23.98259175,10.19224434,-12.79034741,19350
Joey Wentz,DET,SP/RP,999,56.1235,-1.996585624,-6.953758916,-7.584474911,-3.610187635,-1.337310384,-2.538155487,-24.02047296,10.19224434,-12.82822862,19962
Erik Miller,,RP,999,40.057,-1.996585624,-2.97017656,-6.884531321,-4.106116794,-0.112767357,-2.837960854,-18.90813851,5.072682396,-12.83545611,sa3011336
Jose Quintana,NYM,SP,408.6900024,151.823,-1.996585624,-8.161149551,-14.71364235,0.837064735,-2.368412322,2.358785537,-24.04393958,10.19224434,-12.85169524,11423
Carlos Hernandez,KCR,RP,750.7199707,53.2091,-1.885567957,-5.977275814,-6.730144205,-3.62967243,2.063672763,-2.779800098,-18.93878774,5.072682396,-12.86610534,22713
Nick Martinez,CIN,SP,456.0899963,113.099,-1.501765181,-8.237633657,-12.86230303,-0.487396386,-0.788425169,-0.182445546,-24.05996897,10.19224434,-12.86772463,12730
Jose Urquidy,HOU,SP,457.2799988,119.407,-1.993758828,-12.68489781,-6.88076099,-1.098256872,-2.014793709,0.58677566,-24.08569255,10.19224434,-12.89344821,18413
Zack Greinke,,SP,749.3599854,84.379,-1.996585624,-9.203453668,-6.455643817,-3.392298777,-2.368412322,-0.68368248,-24.10007669,10.19224434,-12.90783235,1943
Wade Miley,MIL,SP,495.7200012,127.23,-1.996585624,-7.558474219,-12.14049483,-1.452268834,-2.368412322,1.403284175,-24.11295165,10.19224434,-12.92070732,8779
Bruce Zimmermann,BAL,RP,746.6400146,37.9109,-1.996585624,-3.692537832,-4.111937905,-4.944633343,-2.074018575,-2.248676764,-19.06839004,5.072682396,-12.99570765,20370
Alex Speas,,RP,999,35.5434,-1.928454727,-3.547925094,-6.496238067,-4.30178904,0.00842394,-2.837960854,-19.10394384,5.072682396,-13.03126145,21859
Joely Rodriguez,BOS,RP,999,46.0992,-1.996585624,-3.632405348,-7.151654403,-4.117536751,0.486974218,-2.837960854,-19.24916876,5.072682396,-13.17648637,11487
Mike Soroka,CHW,SP,518.5100098,110.737,-1.996585624,-11.26728458,-8.062393384,-1.083554258,-2.368412322,0.404748351,-24.37348181,10.19224434,-13.18123748,18383
Derek Law,,RP,999,39.9457,-1.930724028,-2.964085831,-6.060413031,-4.770310949,-0.810704106,-2.837960854,-19.3741988,5.072682396,-13.3015164,13133
Matt Manning,DET,SP,426.6099854,109.052,-1.996585624,-10.28642078,-8.393080674,-2.023526507,-2.29121679,0.450231914,-24.54059846,10.19224434,-13.34835412,20369
Austin Voth,SEA,RP,999,51.2816,-1.874541676,-4.598192695,-5.554879699,-3.936478505,-1.01189983,-2.529619595,-19.505612,5.072682396,-13.4329296,15047
Luis Severino,NYM,SP,281.4599915,126.275,-1.996585624,-11.72064676,-10.09786615,0.361201442,-2.368412322,1.193556784,-24.62875262,10.19224434,-13.43650829,15890
Tim Hill,CHW,RP,750.539978,49.5209,-1.545574125,-6.15985498,-6.695535197,-4.940069238,2.582857279,-2.837960854,-19.59613711,5.072682396,-13.52345472,16814
Miles Mikolas,STL,SP,412.8099976,178.588,-1.996585624,-15.21814019,-9.187408576,0.680627461,-2.368412322,3.350179081,-24.73974017,10.19224434,-13.54749583,9803
Mike Clevinger,,SP,453.1799927,105.301,-1.996585624,-11.18037753,-7.812780271,-1.436155312,-2.368412322,0.037161125,-24.75714994,10.19224434,-13.5649056,12808
Yunior Marte,PHI,RP,999,42.1002,-1.924228621,-4.148755508,-5.605919309,-4.393629611,-0.887573649,-2.837960854,-19.79806755,5.072682396,-13.72538516,14416
Michael Kelly,OAK,RP,999,42.6946,-1.935924945,-2.929959667,-7.272307563,-4.152992916,-0.673162405,-2.837960854,-19.80230835,5.072682396,-13.72962595,12791
Buck Farmer,CIN,RP,750.8099976,58.0044,-1.881615161,-6.733281706,-6.820053881,-3.297187779,1.754669112,-2.837960854,-19.81543027,5.072682396,-13.74274787,14814
Alek Manoah,TOR,SP,373.3999939,109.707,-1.996585624,-10.05409436,-10.34834581,-0.876457209,-2.368412322,0.700797672,-24.94309765,10.19224434,-13.75085332,26410
Bryan Shaw,,RP,720.3900146,36.5576,-1.749644529,-4.212728158,-6.439638304,-4.880017024,0.235696291,-2.837960854,-19.88429258,5.072682396,-13.81161018,8110
Luis Frias,ARI,RP,999,36.4144,-1.996585624,-3.56215564,-5.388436341,-4.717275893,-1.398773355,-2.837960854,-19.90118771,5.072682396,-13.82850531,21997
Touki Toussaint,CHW,SP,750.2199707,54.0948,-1.996585624,-5.61313683,-10.2454102,-3.548685283,-1.447940035,-2.238446028,-25.090204,10.19224434,-13.89795966,16929
Ryan Weathers,MIA,SP,662.0900269,58.6883,-1.996585624,-7.64778717,-9.358602316,-3.816785997,-0.151149396,-2.180335641,-25.15124614,10.19224434,-13.95900181,23796
George Soriano,MIA,RP,999,52.1123,-1.888781681,-4.310119019,-7.62823163,-3.862244748,0.474106991,-2.837960854,-20.05323094,5.072682396,-13.98054854,21863
Tristan Beck,SFG,RP,722.4000244,59.9772,-1.926256504,-5.13437218,-5.426712119,-3.907398888,-1.7856992,-1.963738423,-20.14417731,5.072682396,-14.07149492,21584
Rich Hill,,SP/RP,999,59.3157,-1.996585624,-7.800340638,-7.521925057,-3.81775914,-2.368412322,-1.760427378,-25.26545016,10.19224434,-14.07320582,4806
Amir Garrett,SFG,RP,999,39.2947,-1.929267965,-3.209230233,-7.365468995,-4.210574078,-0.696911617,-2.837960854,-20.24941374,5.072682396,-14.17673135,14375
Jake Bird,COL,RP,749.5100098,65.1372,-1.750939184,-6.514647721,-9.35338331,-3.411174809,3.558881306,-2.837960854,-20.30922457,5.072682396,-14.23654218,21267
Colin Rea,,SP,524.5200195,129.526,-1.996585624,-13.33636637,-8.438644475,-0.103333509,-2.250192795,0.625532316,-25.49959046,10.19224434,-14.30734612,12317
Zack Kelly,BOS,RP,999,35.2899,-1.984012389,-3.626869469,-5.797098768,-4.836806864,-1.364041695,-2.837960854,-20.44679004,5.072682396,-14.37410764,20349
Kai-Wei Teng,,RP,999,48.0217,-1.996585624,-3.984488177,-6.517698218,-3.862707436,-1.858447478,-2.265821675,-20.48574861,5.072682396,-14.41306621,sa3007229
Mitch White,TOR,RP,745.8099976,45.334,-1.996585624,-4.334303387,-5.734067156,-4.341173779,-1.419366496,-2.723772551,-20.54926899,5.072682396,-14.4765866,19225
Clayton Beeter,NYY,RP,999,49.0533,-1.996585624,-4.894964307,-6.083031031,-3.788603832,-1.978859704,-1.876136387,-20.61818089,5.072682396,-14.54549849,sa3014536
Patrick Sandoval,LAA,SP,427.9899902,148.907,-1.996585624,-6.677475593,-18.24295628,1.476632612,-2.368412322,1.98067513,-25.82812207,10.19224434,-14.63587774,19447
Carlos Carrasco,CLE,SP,732.3099976,64.4883,-1.996585624,-8.225635524,-8.714498767,-3.558944252,-2.030253396,-1.305321906,-25.83123947,10.19224434,-14.63899513,6632
Yariel Rodriguez,TOR,RP,560.5200195,62.5568,-1.996585624,-4.415977596,-7.413571266,-3.026516093,-1.953917918,-1.908276462,-20.71484496,5.072682396,-14.64216256,sa3023349
Alex Wood,OAK,SP,568.3699951,115.428,-1.996585624,-10.26464757,-10.41419889,-1.117538361,-2.192077933,0.036408656,-25.94863973,10.19224434,-14.75639539,13781
Sean Newcomb,OAK,RP,999,41.9832,-1.958832319,-4.086990269,-7.246283982,-4.145029153,-0.804198692,-2.624429948,-20.86576436,5.072682396,-14.79308197,16943
Lucas Gilbreath,COL,RP,999,38.2761,-1.902345672,-4.393022405,-7.918092613,-4.451490463,0.59130709,-2.837960854,-20.91160492,5.072682396,-14.83892252,21290
Spencer Howard,SFG,RP,999,38.6839,-1.996585624,-5.30507539,-4.616545579,-4.463983254,-1.844207203,-2.712827734,-20.93922478,5.072682396,-14.86654239,23252
Matt Waldron,SDP,SP,704.039978,91.1641,-1.996585624,-10.64986122,-8.274582419,-2.611359237,-2.299846207,-0.261522201,-26.09375691,10.19224434,-14.90151257,25550
Matthew Sauer,KCR,RP,999,42.7544,-1.996585624,-5.027737887,-5.534018127,-4.462310887,-1.48559653,-2.548353992,-21.05460305,5.072682396,-14.98192065,sa3005118
J.P. France,HOU,SP,503.8999939,122.816,-1.996585624,-9.581868409,-13.26827418,-0.335360295,-2.239352301,1.18607038,-26.23537043,10.19224434,-15.04312609,21212
Bryce Jarvis,ARI,RP,999,36.4724,-1.996585624,-4.041564685,-5.736360886,-4.946602361,-1.639024282,-2.787012293,-21.14715013,5.072682396,-15.07446773,27477
Bryce Elder,ATL,SP,426.730011,117.058,-1.996585624,-9.138639749,-12.771296,-1.319840076,-2.177998047,1.132935864,-26.27142363,10.19224434,-15.0791793,27779
Dylan Covey,PHI,RP,999,39.4437,-1.988329664,-3.378319742,-6.903926353,-5.042331237,-1.284106598,-2.745220685,-21.34223428,5.072682396,-15.26955188,14825
Adrian Martinez,,RP,999,38.627,-1.996585624,-4.315646942,-5.710268943,-4.968464977,-1.541779649,-2.83411924,-21.36686537,5.072682396,-15.29418298,21023
Brayan Bello,BOS,SP,221.0399933,163.375,-1.996585624,-10.76528984,-16.15952326,1.708039097,-2.368412322,3.07162534,-26.51014661,10.19224434,-15.31790227,23920
Justin Slaten,BOS,RP,999,42.5208,-1.996585624,-5.987294651,-6.687765304,-4.017921646,0.032507675,-2.837960854,-21.4950204,5.072682396,-15.42233801,sa3010309
Gavin Stone,LAD,RP,450.1799927,46.4687,-1.873939444,-6.157993099,-5.257117196,-4.172819476,-2.117201458,-1.946209885,-21.52528056,5.072682396,-15.45259816,27792
Brandon Walter,,RP,999,40.8442,-1.993361123,-4.76261122,-5.566556606,-4.960370254,-2.325416007,-1.987516879,-21.59583209,5.072682396,-15.52314969,26056
Ty Blach,COL,SP/RP,999,38.0551,-1.99620166,-7.623126412,-7.457527946,-5.341331048,-1.953143937,-2.357720451,-26.72905145,10.19224434,-15.53680712,14361
Michael Lorenzen,,SP,553.210022,99.7537,-1.931130705,-10.46482509,-9.999717553,-2.102448753,-2.142421989,-0.090513903,-26.73105799,10.19224434,-15.53881365,14843
Spencer Turnbull,PHI,SP,692.0900269,56.983,-1.996585624,-7.607631458,-9.373540374,-3.927824057,-1.990695261,-2.000715507,-26.89699228,10.19224434,-15.70474794,16207
Nicholas Nastrini,CHW,SP,999,66.9048,-1.996585624,-9.720051401,-9.583851186,-3.004207636,-2.266091977,-0.360089631,-26.93087745,10.19224434,-15.73863312,sa3017413
Mason Thompson,WSN,RP,999,41.5869,-1.677734053,-5.149559793,-7.659987845,-4.801801387,0.104314181,-2.837960854,-22.02272975,5.072682396,-15.95004735,21850
Steven Cruz,,RP,999,36.064,-1.996585624,-4.200126987,-7.301740431,-4.603854011,-1.158618417,-2.837960854,-22.09888632,5.072682396,-16.02620393,23165
Kyle Hendricks,CHC,SP,439.3900146,139.944,-1.996585624,-13.67968667,-10.20666215,-0.836787012,-2.368412322,1.802996391,-27.28513738,10.19224434,-16.09289304,12049
Brandon Williamson,CIN,SP,634,68.0743,-1.996585624,-9.412911156,-9.676392201,-3.249059979,-2.044159296,-0.928794714,-27.30790297,10.19224434,-16.11565863,25463
Jared Shuster,CHW,SP,738.8200073,59.2158,-1.996585624,-8.7316985,-8.85732968,-4.238583629,-2.108043523,-1.392988465,-27.32522942,10.19224434,-16.13298508,27472
McLean Abel,PHI,RP,999,36.8857,-1.996585624,-5.624422004,-6.000104955,-4.78646901,-1.911959537,-2.258337998,-22.57787913,5.072682396,-16.50519673,sa3014534
Jimmy Lambert,CHW,RP,999,44.1928,-1.442879004,-5.844997537,-8.009565366,-4.146660675,-0.328202415,-2.837960854,-22.61026585,5.072682396,-16.53758345,19541
Tylor Megill,NYM,SP,460.6700134,95.8825,-1.996585624,-10.00109654,-11.87920167,-1.72616641,-2.001092913,-0.480757849,-28.084901,10.19224434,-16.89265666,21318
Quinn Priester,PIT,SP,722.3599854,77.2237,-1.996585624,-9.365263001,-10.99904599,-3.050681069,-2.211712633,-0.756881877,-28.38017019,10.19224434,-17.18792585,25977
Tommy Henry,ARI,SP,714.960022,77.412,-1.996585624,-9.272852929,-11.22901899,-3.200470414,-2.016736105,-0.716886615,-28.43255067,10.19224434,-17.24030633,26285
Davis Daniel,,RP,746.8200073,42.0853,-1.996585624,-5.962737014,-6.236732879,-4.764569702,-2.063901242,-2.296306802,-23.32083326,5.072682396,-17.24815087,27582
Jared Jones,PIT,SP,999,84.409,-1.996585624,-10.40301476,-10.82318033,-2.229912794,-2.27490278,-0.888346637,-28.61594293,10.19224434,-17.42369859,sa3014459
Owen White,,RP,750.8800049,43.7321,-1.996585624,-6.478444063,-6.301533664,-4.584194987,-2.101618238,-2.109401165,-23.57177774,5.072682396,-17.49909535,22273
Alec Marsh,KCR,SP/RP,746.6300049,59.3015,-1.996585624,-9.630976367,-10.09360786,-3.239648847,-2.127224597,-1.608262561,-28.69630586,10.19224434,-17.50406152,27451
Noah Syndergaard,,SP,736.2399902,70.9519,-1.996585624,-11.78398038,-7.614235557,-3.980034353,-2.368412322,-1.005051123,-28.74829936,10.19224434,-17.55605502,11762
Kyle Muller,OAK,SP/RP,746.2700195,57.7486,-1.996585624,-8.343794051,-11.2263102,-3.896627848,-1.060273285,-2.366568388,-28.89015939,10.19224434,-17.69791505,20167
Gavin Hollowell,,RP,999,45.594,-1.864681847,-7.877267762,-6.73877271,-4.089553738,-0.367618154,-2.837960854,-23.77585506,5.072682396,-17.70317267,25427
Sean Hjelle,SFG,RP,999,42.3875,-1.996585624,-5.472980714,-7.574465583,-4.762498339,-1.783622147,-2.295006521,-23.88515893,5.072682396,-17.81247653,21481
Zach Davies,,SP,999,51.1418,-1.996585624,-9.218542362,-9.654256743,-4.478902558,-2.329129242,-1.827140452,-29.50455698,10.19224434,-18.31231264,13183
Josh Fleming,PIT,RP,999,50.4316,-1.996585624,-4.760917131,-8.845564114,-5.093066472,-1.131540107,-2.712443835,-24.54011728,5.072682396,-18.46743489,20418
Brady Singer,KCR,SP,434.4200134,159.473,-1.996585624,-14.33116651,-14.69132793,1.303100594,-2.368412322,2.421169004,-29.66322279,10.19224434,-18.47097845,25377
Dane Dunning,TEX,SP,364.8999939,154.954,-1.996585624,-11.92843769,-16.43067178,1.096910459,-2.287432041,1.806770612,-29.73944606,10.19224434,-18.54720172,19409
Thad Ward,,RP,999,36.8651,-1.996585624,-6.143598283,-7.707489496,-4.87702144,-1.236648078,-2.837960854,-24.79930377,5.072682396,-18.72662138,21513
John Justice,COL,RP,999,36.0573,-1.996585624,-5.798759846,-8.484141009,-4.486199866,-1.408302949,-2.837960854,-25.01195015,5.072682396,-18.93926775,30008
Zach Plesac,,SP,743.210022,73.4627,-1.996585624,-11.07315413,-10.58763046,-3.766892599,-2.08242713,-0.741004894,-30.24769483,10.19224434,-19.0554505,19979
Joan Adon,,SP,999,64.5126,-1.996585624,-10.26532924,-11.26196343,-3.457936932,-1.800569147,-1.900476529,-30.68286091,10.19224434,-19.49061657,22925
Jack Flaherty,DET,SP,357.9700012,136.645,-1.996585624,-12.13046457,-17.06698861,1.237919127,-2.237337854,1.466201763,-30.72725577,10.19224434,-19.53501143,17479
Chris Murphy,BOS,RP,999,55.4813,-1.87231729,-7.235127727,-8.586929962,-3.761359965,-1.796641922,-2.37437238,-25.62674925,5.072682396,-19.55406685,26214
Daniel Bard,COL,RP,740.1900024,49.202,-1.462273474,-6.144612115,-12.55565326,-3.893891184,1.1041305,-2.837960854,-25.79026039,5.072682396,-19.71757799,7115
Noah Davis,,SP,999,40.7137,-1.996585624,-10.16859781,-9.705230211,-4.982904402,-2.078685852,-1.983263185,-30.91526708,10.19224434,-19.72302274,25862
Joe Boyle,OAK,SP,404.1000061,106.936,-1.996585624,-8.802073458,-18.86338105,0.091532437,-1.95511679,0.516182401,-31.00944208,10.19224434,-19.81719774,29608
Ryne Nelson,ARI,SP,535.2199707,113.578,-1.996585624,-13.63304099,-11.57661495,-1.77065271,-2.028933198,-0.010600444,-31.01642792,10.19224434,-19.82418358,26253
Madison Bumgarner,,SP,999,52.684,-1.996585624,-10.62290226,-9.302422334,-4.703152503,-2.368412322,-2.208430073,-31.20190512,10.19224434,-20.00966078,5524
Daniel Lynch,KCR,SP,722.039978,91.7775,-1.996585624,-12.00430889,-12.39087277,-2.410440738,-2.176879804,-0.307714854,-31.28680268,10.19224434,-20.09455835,21537
Kyle Gibson,STL,SP,430.6099854,173.342,-1.996585624,-15.22122956,-16.83096246,1.492084757,-2.368412322,3.548534855,-31.37657035,10.19224434,-20.18432601,10123
Paul Blackburn,OAK,SP,552.9299927,132.298,-1.996585624,-11.95745417,-16.04300799,-0.221436265,-2.368412322,0.92214193,-31.66475445,10.19224434,-20.47251011,14739
Taijuan Walker,PHI,SP,420.8399963,154.778,-1.996585624,-15.43169109,-14.50143579,0.496312172,-2.368412322,2.028932529,-31.77288012,10.19224434,-20.58063578,11836
Bryan Mata,BOS,RP,999,44.839,-1.996585624,-5.716322621,-11.40520495,-4.306571682,-1.026986652,-2.528008056,-26.97967958,5.072682396,-20.90699718,sa917784
Adrian Houser,NYM,SP,543.0300293,122.622,-1.996585624,-11.12589807,-16.16925878,-1.337278661,-2.28513643,0.288619668,-32.62553789,10.19224434,-21.43329355,12718
Cooper Criswell,BOS,RP,750.4500122,61.1612,-1.996585624,-8.882448653,-8.741723102,-3.994438817,-1.975399157,-2.250729333,-27.84132469,5.072682396,-21.76864229,24975
Luis Patino,SDP,RP,748.6099854,52.057,-1.996585624,-7.684743252,-10.50922489,-4.331887031,-1.467941171,-2.497459678,-28.48784165,5.072682396,-22.41515925,22815
Jackson Rutledge,WSN,SP,748.7199707,77.7455,-1.996585624,-13.33198265,-12.06650702,-3.355756624,-1.93206658,-0.93148773,-33.61438622,10.19224434,-22.42214189,26215
Nick Mears,COL,RP,999,54.0839,-1.98381252,-7.757637108,-12.75806909,-3.370484622,0.17099103,-2.837960854,-28.53697317,5.072682396,-22.46429077,25376
Tyler Anderson,LAA,SP,585.5999756,151.358,-1.996585624,-17.29768789,-14.99771664,0.475231625,-2.368412322,1.911103338,-34.27406752,10.19224434,-23.08182318,12880
Deivi Garcia,CHW,RP,737.9699707,58.7527,-1.605270991,-9.478485806,-13.68325639,-3.525479143,0.852577846,-2.116371079,-29.55628557,5.072682396,-23.48360317,20276
Jake Irvin,WSN,SP,683.1199951,121.549,-1.996585624,-15.57269543,-15.0104238,-0.959210183,-2.368412322,0.808191894,-35.09913546,10.19224434,-23.90689112,21504
Luis Medina,OAK,SP,646.5800171,107.403,-1.996585624,-12.38938725,-17.82848252,-0.667057108,-2.1835512,-0.084231451,-35.14929515,10.19224434,-23.95705081,21649
Graham Ashcraft,CIN,SP,398.9599915,145.674,-1.996585624,-16.9074874,-17.82781114,-0.069866785,-2.368412322,2.490872144,-36.67929113,10.19224434,-25.48704679,27552
Marco Gonzales,PIT,SP,621.7000122,132.666,-1.996585624,-16.33171413,-16.29060919,-1.676173552,-2.368412322,1.556862084,-37.10663273,10.19224434,-25.91438839,15467
Marco Gonzales,PIT,SP,748.3599854,132.666,-1.996585624,-16.33171413,-16.29060919,-1.676173552,-2.368412322,1.556862084,-37.10663273,10.19224434,-25.91438839,15467
Martin Perez,PIT,SP,594.6699829,144.647,-1.996585624,-13.17372043,-21.48169604,-0.642670134,-2.29134487,2.237736116,-37.34828099,10.19224434,-26.15603665,6902
Erick Fedde,CHW,SP,353.2799988,138.457,-1.996585624,-18.51932553,-15.02097769,-0.018295021,-2.368412322,0.484274791,-37.43932139,10.19224434,-26.24707705,17425
Luis Ortiz,PIT,SP,662.3099976,100.723,-1.996585624,-12.37855142,-18.66868316,-2.298629609,-2.048745856,-0.680782868,-38.07197854,10.19224434,-26.8797342,27646
Chris Flexen,CHW,SP,739.8800049,105.13,-1.955582895,-15.65734105,-16.07145209,-2.233371989,-1.980827084,-0.466495585,-38.36507069,10.19224434,-27.17282635,13896
Jesse Scholtens,CHW,SP,999,98.2049,-1.992269035,-16.02151211,-15.72352213,-2.369959626,-2.36319856,-1.818635064,-40.28909653,10.19224434,-29.09685219,19205
Michael Kopech,CHW,SP,463.2999878,126.055,-1.996585624,-18.39950979,-20.56687839,0.668580511,-2.195796037,0.393833789,-42.09635554,10.19224434,-30.9041112,17282
Trevor Williams,WSN,SP,749.039978,117.704,-1.996096179,-18.10577773,-18.35764997,-1.338008346,-1.959369357,-0.666126801,-42.42302838,10.19224434,-31.23078405,16977
Peter Lambert,COL,SP,750.4199829,101.501,-1.996585624,-18.67305022,-16.76048099,-2.093304849,-2.136310995,-0.950245543,-42.60997822,10.19224434,-31.41773388,17969
Ryan Feltner,COL,SP,744.5999756,98.3468,-1.996585624,-18.33239564,-17.88630761,-1.845512998,-2.368412322,-0.47489295,-42.90410714,10.19224434,-31.7118628,21446
Josiah Gray,WSN,SP,383.6000061,159.839,-1.996585624,-21.1536053,-21.51993384,2.021069644,-2.368412322,1.704463374,-43.31300406,10.19224434,-32.12075972,24580
Jordan Lyles,KCR,SP,740.7800293,128.052,-1.996585624,-24.01652762,-15.50380773,-1.387514747,-2.241323285,0.305833647,-44.83992536,10.19224434,-33.64768102,7593
Austin Gomber,COL,SP,742.9099731,140.127,-1.996585624,-26.48903511,-22.8770029,-0.944487723,-2.368412322,1.536614478,-53.1389092,10.19224434,-41.94666486,16561
Dakota Hudson,COL,SP,749.6699829,116.818,-1.996585624,-20.80594588,-26.32755925,-2.861118605,-2.135661166,0.098028506,-54.02884202,10.19224434,-42.83659768,19206
Patrick Corbin,WSN,SP,665.5100098,157.189,-1.996585624,-25.7391597,-26.4062618,0.025438518,-2.368412322,1.962883409,-54.52209752,10.19224434,-43.32985318,9323
Cal Quantrill,COL,SP,715.3400269,147.584,-1.996585624,-26.64441034,-25.11784866,-1.260703776,-2.368412322,1.182229757,-56.20573096,10.19224434,-45.01348663,19312
Kyle Freeland,COL,SP,704.9299927,159.486,-1.996585624,-29.49088644,-28.40972152,-0.561023918,-2.368412322,1.99278298,-60.83384684,10.19224434,-49.6416025,16256
