,Name,POS,Dollars,IP,ERA,WHIP,K/9,QS,SV,HLD,K-BB%,PL Rank,Eno
0,Spencer Strider,SP,34.567932144423374,178.53,3.38505,1.08112,12.6389,14.767000000000001,0.0,0.0,0.2670500800013542,1.0,1.0
1,Gerrit Cole,SP,25.905060885165163,170.138,3.53343,1.0982100000000001,10.0542,14.823,0.0,0.0,0.21482814103364944,,3.0
2,Zack Wheeler,SP,25.745156401212387,184.861,3.51957,1.11811,9.349110000000001,16.2351,0.0,0.0,0.1972390338778496,3.0,4.0
3,George Kirby,SP,25.703458393758307,181.274,3.56805,1.0900100000000001,8.48299,15.0832,0.0,0.0,0.19706101715564728,6.0,5.0
4,Kevin Gausman,SP,24.51221331573377,178.88299999999998,3.4295,1.14911,10.4758,15.3542,0.0,0.0,0.22109907865524286,7.0,6.0
5,Corbin Burnes,SP,23.5512902822047,185.989,3.52987,1.14015,9.67062,15.9059,0.0,0.0,0.18845998495817184,2.0,2.0
6,Pablo López,SP,23.118306161675925,183.02200000000002,3.5211099999999997,1.1408399999999999,9.937669999999999,14.7933,0.0,0.0,0.20526088029146194,4.0,11.0
7,Tarik Skubal,SP,22.584274226563483,155.707,3.4411099999999997,1.11859,10.2849,11.9563,0.0,0.0,0.2167281210422516,10.0,14.0
8,Logan Webb,SP,22.516486867318047,193.06099999999998,3.41695,1.16008,8.03704,16.4895,0.0,0.0,0.16612105444073674,8.0,9.0
9,Luis Castillo,SP,21.86409730661137,188.203,3.53585,1.15272,9.55026,15.3589,0.0,0.0,0.1853462979197502,,7.0
10,Tyler Glasnow,SP,21.175515928474518,139.599,3.4954400000000003,1.1073,11.3757,10.9089,0.0,0.0,0.2366406098008156,11.0,10.0
11,Zach Eflin,SP,20.372879723852954,165.49099999999999,3.63597,1.10601,8.732460000000001,12.9458,0.00300781,0.0,0.19648456200957296,17.0,18.0
12,Framber Valdez,SP,19.412875419916123,189.398,3.39395,1.20182,8.95412,16.7381,0.0,0.0,0.16121874749660492,22.0,21.0
13,Edwin Díaz,RP,17.935338643171036,61.952,2.71248,1.04962,14.0657,0.0,33.0487,0.745309,0.3040759116411209,,
14,Freddy Peralta,SP,17.682359868798738,161.602,3.7013,1.14078,10.8175,12.4974,0.0,0.0,0.2099605947732925,20.0,17.0
15,Max Fried,SP,17.587011882226648,162.143,3.40246,1.17638,8.64071,13.3483,0.0,0.0,0.17393312603235245,13.0,23.0
16,Zac Gallen,SP,17.416396925151144,185.53799999999998,3.68718,1.15804,9.24047,14.7749,0.0,0.0,0.18438605219125748,12.0,13.0
17,Yoshinobu Yamamoto,SP,17.261342237573434,165.83599999999998,3.6859800000000003,1.12676,9.5568,10.5517,0.0,0.0,0.19581322371959686,16.0,8.0
18,Aaron Nola,SP,16.66999306679776,186.329,3.89572,1.12475,9.43005,13.7929,0.0,0.0,0.20452779904007912,14.0,22.0
19,Logan Gilbert,SP,16.152343090702356,183.963,3.8153900000000003,1.13846,8.96616,13.9959,0.0,0.0,0.18884387984871864,31.0,12.0
20,Joe Musgrove,SP,14.828574807551412,153.164,3.6496800000000005,1.15553,8.954419999999999,13.0236,0.0,0.0,0.17922823503613472,,24.0
21,Jhoan Duran,RP,14.430464152177839,64.0787,2.8115,1.13265,12.0192,0.0,32.7852,1.96595,0.2411108613014221,,
22,Emmanuel Clase,RP,12.903362223972387,66.0865,2.99775,1.10734,8.80287,0.0,34.0998,0.9308350000000001,0.18555447086691856,,
23,Pete Fairbanks,RP,12.581407441198294,53.5876,2.87102,1.10514,12.4823,0.0,29.1563,2.9963900000000003,0.2473679259419441,,
24,Andrés Muñoz,RP,12.574145273046167,58.4123,2.94599,1.1275700000000002,12.0209,0.0,28.432,4.18542,0.2364556938409805,,
25,Mason Miller,SP,12.17178725188577,60.0654,3.3509300000000004,1.1589399999999999,11.5993,0.24272,14.5373,7.579969999999999,0.21333566308021545,,
26,Joe Ryan,SP,11.7564031722759,163.349,3.9996,1.13652,9.98271,11.6582,0.0,0.0,0.208740659058094,30.0,40.0
27,Josh Hader,RP,11.754336081604409,59.0476,3.0824599999999998,1.15929,13.0463,0.0,34.2336,2.1389299999999998,0.2441166192293167,,
28,Grayson Rodriguez,SP,11.533230174765393,159.75,3.71023,1.18149,9.68795,10.7376,0.0,0.0,0.1814953684806824,18.0,16.0
29,Evan Phillips,RP,11.357171070658845,61.8167,3.20771,1.11104,10.1397,0.0,28.1214,4.48038,0.20346231758594516,,
30,Bobby Miller,SP,11.079836564179427,152.058,3.8241699999999996,1.14845,8.841280000000001,10.3192,0.0,0.0,0.17207562923431394,15.0,15.0
31,Jason Adam,RP,10.631317448298974,56.6827,3.30669,1.09449,10.8388,0.0,10.7026,13.8361,0.21221493184566495,,
32,Devin Williams,RP,10.586038096421154,57.0031,2.87091,1.1659899999999999,12.7014,0.0,28.6432,1.6653799999999999,0.22953615337610245,,
33,Chris Sale,SP,10.442189742761304,129.958,3.81776,1.15109,10.5899,8.76138,0.0,0.0,0.21512751281261444,25.0,34.0
34,Bryan Abreu,RP,10.381369329402565,63.2419,3.02285,1.18767,12.0918,0.0,3.20935,17.3512,0.21867939084768293,,
35,Blake Snell,SP,10.122124756664794,156.317,3.49707,1.26595,11.4079,12.6415,0.0,0.13138699999999998,0.18621113151311874,32.0,19.0
36,Jesús Luzardo,SP,10.096931067167981,168.296,3.7766699999999997,1.20862,10.2146,13.2695,0.0,0.0,0.19468913972377774,34.0,29.0
37,Raisel Iglesias,RP,9.836341512802896,60.622,3.33239,1.1242,10.8004,0.0,30.7162,2.3226299999999998,0.2327084094285965,,
38,Michael King,SP,9.643975392685055,139.765,3.59006,1.20465,9.89969,8.09305,0.23569600000000002,0.801195,0.1836145296692848,29.0,28.0
39,Shane Bieber,SP,9.375577014485431,166.24599999999998,3.7777800000000004,1.19803,8.51673,13.7824,0.0,0.0,0.16698569059371948,49.0,36.0
40,Ryan Helsley,RP,9.17107976521148,60.6776,3.13329,1.1737799999999998,11.7904,0.0,25.7423,3.8193699999999997,0.21573621779680247,,
41,Eury Pérez,SP,9.128509304670082,141.375,3.83321,1.1727299999999998,10.2622,9.16456,0.0,0.0,0.1975490227341652,19.0,20.0
42,Ryan Pressly,RP,8.708032129921866,61.5318,3.39245,1.12752,10.0185,0.0,4.81743,15.8504,0.20740700513124466,,
43,José Alvarado,RP,8.575851485491668,63.1847,3.0941,1.24299,12.3144,0.0,23.4801,7.2826699999999995,0.21469926834106445,,
44,David Bednar,RP,8.527354310410132,60.9957,3.23837,1.16727,10.725,0.0,29.386,2.19651,0.21058668196201324,,
45,Tanner Bibee,SP,8.463743328217177,164.322,3.75691,1.20715,9.18934,11.6267,0.0,0.0,0.17269183695316315,36.0,43.0
46,Justin Steele,SP,8.217658968884825,170.717,3.6671099999999996,1.23199,8.746939999999999,13.3309,0.0,0.0,0.16203168034553528,,25.0
47,Matt Strahm,SP/RP,8.17547733534948,65.3546,3.6484199999999998,1.14143,10.6008,0.0,1.4345,9.43962,0.21868417412042615,,
48,Tanner Scott,RP,8.06958859912725,66.3007,3.19923,1.21716,11.8911,0.0,26.5385,3.78765,0.21246132254600525,,
49,Hunter Harvey,RP,7.5444155184361135,59.9635,3.54857,1.15151,10.0045,0.0,12.9859,13.027000000000001,0.20197474211454391,,
50,A.J. Minter,RP,7.51229818039971,61.0648,3.45848,1.17765,11.1705,0.0,4.58833,17.1301,0.2219893261790276,,
51,Sonny Gray,SP,7.199484319086476,160.833,3.6691800000000003,1.23171,8.559,12.2359,0.0,0.0,0.14962667971849442,27.0,35.0
52,Brusdar Graterol,RP,6.717271604223491,60.1128,3.25433,1.17436,7.44269,0.0,5.396730000000001,15.4543,0.14081596210598946,,
53,Erik Swanson,RP,6.620614482832775,61.1258,3.5424800000000003,1.1585,10.062000000000001,0.606006,5.368040000000001,14.9142,0.19989598542451856,,
54,Camilo Doval,RP,6.582764685915688,63.7484,3.29135,1.23292,10.9633,0.0,31.644000000000002,1.7053200000000002,0.1903441920876503,,
55,Clay Holmes,RP,6.343103487368518,62.9712,3.3158300000000005,1.22409,9.45068,0.0,28.7152,3.9510199999999998,0.1618780717253685,,
56,Nestor Cortes,SP,6.333786789959299,129.141,3.96686,1.16225,9.16958,8.61121,0.0,0.22740900000000003,0.17838042229413986,43.0,67.0
57,Jordan Romano,RP,6.246375685121027,58.4722,3.39005,1.19064,10.595,0.0,30.4733,1.17408,0.19684866070747373,,
58,Robert Stephenson,RP,5.951942489696903,57.3053,3.8125400000000003,1.12713,11.2117,0.0,12.8271,11.0516,0.2312217727303505,,
59,Caleb Ferguson,SP/RP,5.668082602588331,55.596000000000004,3.48409,1.2733700000000001,10.2722,0.0,1.35886,13.0316,0.17492707818746567,,
60,Chris Martin,RP,5.622298511835886,58.5507,3.4288199999999995,1.17563,8.87268,0.0,3.23855,15.8573,0.1946280226111412,,
61,Shawn Armstrong,SP/RP,5.620724822738434,60.6489,3.6376199999999996,1.19487,9.337539999999999,0.0,0.783293,10.1677,0.18106407672166824,,
62,Adbert Alzolay,RP,5.508200517265713,63.1241,3.58039,1.16682,9.79233,0.0,27.0736,2.22209,0.19645266979932785,,
63,Max Scherzer,SP,5.472381429034371,80.59,3.8927699999999996,1.14339,10.164,6.60762,0.0,0.0,0.21003399789333346,,80.0
64,Paul Sewald,RP,5.443381705063347,61.4314,3.7021900000000003,1.1797600000000001,10.9332,0.0,29.773000000000003,2.42795,0.20642288774251935,,
65,Bailey Ober,SP,5.4027729848479815,154.513,4.06911,1.16846,8.77009,10.3557,0.0,0.0,0.1821765713393688,24.0,44.0
66,Yu Darvish,SP,4.799686906310644,141.662,4.1035,1.17462,9.076889999999999,11.08,0.0,0.0,0.1778094321489334,28.0,32.0
67,Carlos Rodón,SP,4.601588634102809,138.109,4.075819999999999,1.18716,10.2328,9.84051,0.0,0.0,0.1930331140756607,72.0,31.0
68,Yuki Matsui,RP,4.514157561719262,61.0723,3.48844,1.23557,11.5257,0.0,12.29,10.9822,0.20470767468214035,,
69,Bryan Woo,SP,4.399805874743695,133.541,3.93716,1.19451,9.61302,7.72474,0.0,0.24933200000000003,0.17876861989498138,26.0,38.0
70,Tim Mayza,RP,3.9624968796756033,54.9092,3.2781599999999997,1.22912,8.914010000000001,0.0,0.36736199999999997,16.3201,0.16338802874088287,,
71,Shota Imanaga,SP,3.8349496528609266,147.344,3.87826,1.21288,9.05766,8.53721,0.0,0.0,0.1734618842601776,33.0,37.0
72,Robert Suarez,RP,3.811283371026698,62.8525,3.79242,1.2032399999999999,9.42341,0.0,18.7336,9.27926,0.1611223891377449,,
73,Jordan Montgomery,SP,3.7570360404969807,165.293,3.86098,1.22834,8.164819999999999,12.0538,0.0,0.00735272,0.1529507339000702,51.0,41.0
74,Giovanny Gallegos,RP,3.739676154698648,60.5512,3.92438,1.16889,9.8643,0.0,5.422680000000001,15.6071,0.200320728123188,,
75,Justin Verlander,SP,3.5289026054717807,130.44799999999998,3.9596400000000003,1.20169,8.37732,10.1966,0.0,0.0,0.1566954329609871,,30.0
76,Shane Baz,SP,3.5187282715868182,86.8011,3.83554,1.18829,9.68746,5.37344,0.0,0.5653100000000001,0.1834707334637642,,62.0
77,Chris Bassitt,SP,3.492946308918768,180.22,4.00056,1.21835,8.06785,14.8712,0.0,0.0,0.14462558925151825,47.0,50.0
78,Yimi García,RP,3.4693074895625515,57.9673,3.8359300000000003,1.1742,9.69352,0.0,4.3650400000000005,15.263,0.19288726150989527,,
79,Reynaldo López,SP,3.4188516354070067,80.12,3.83757,1.23837,10.0687,2.10906,2.81947,6.9631300000000005,0.1826124489307404,79.0,107.0
80,Walker Buehler,SP,3.3540077918002145,119.90799999999999,3.9210300000000005,1.19414,8.35859,8.092310000000001,0.0,0.0,0.1588129997253418,,64.0
81,Joel Payamps,RP,3.3407778088878675,65.2853,3.71159,1.2212100000000001,8.90265,0.0,5.2392900000000004,16.3561,0.16752877831459045,,
82,Craig Kimbrel,RP,3.332787482056248,63.7723,3.72745,1.21148,11.1809,0.0,24.614,3.1825799999999997,0.19859012216329572,,
83,Matt Brash,RP,3.1722943251337488,51.1932,3.28851,1.25299,12.3842,0.0,7.50214,10.3898,0.21957862377166748,,
84,Gabe Speier,RP,3.118344332231759,56.0904,3.6734699999999996,1.1828,9.77745,0.0,2.4188400000000003,14.362,0.19705074280500406,,
85,Kyle Bradish,SP,3.0873121135019415,86.1744,3.7094300000000002,1.21634,8.82549,6.577719999999999,0.0,0.0,0.16026229411363602,,83.0
86,Aroldis Chapman,RP,3.0568903987290885,56.3169,3.32345,1.3126799999999998,13.4516,0.0,6.543069999999999,13.3907,0.2105102092027664,,
87,Kevin Ginkel,RP,2.919399293045358,62.7939,3.57704,1.23815,9.90957,0.0,5.54962,14.0411,0.17090550810098648,,
88,Héctor Neris,RP,2.8949025226665324,64.6485,3.7846599999999997,1.24024,10.1624,0.0,6.0151900000000005,16.3869,0.17400895059108734,,
89,Kodai Senga,SP,2.8410603659169222,97.4133,3.6886400000000004,1.25753,10.4104,7.489719999999999,0.0,0.0,0.17118370532989502,,87.0
90,Caleb Thielbar,RP,2.7301251961062407,53.1667,3.70644,1.1878799999999998,10.8024,0.0,0.576838,14.8982,0.21503876149654388,,
91,Drew Rasmussen,SP,2.6977697384210413,38.6677,3.3660699999999997,1.14691,8.92958,2.37258,0.0,0.444341,0.17689912021160126,,161.0
92,John Brebbia,SP/RP,2.649396095620681,54.6431,4.21887,1.27662,9.49199,0.0,14.9006,8.81511,0.17017661780118942,,
93,Jeffrey Springs,SP,2.5997316193373425,38.7724,3.5485599999999997,1.14028,10.0889,2.88259,0.0,0.298275,0.20401330292224884,,
94,Colin Poche,RP,2.5544598024108733,58.2785,3.79713,1.2272,9.57477,0.0,2.7715799999999997,17.4645,0.16321749985218048,,
95,Aaron Civale,SP,2.22697334406065,142.58700000000002,4.04689,1.19503,8.423119999999999,8.83498,0.0,0.0,0.16236986964941025,68.0,42.0
96,Joe Jiménez,RP,2.0490750961607627,61.6747,3.8573800000000005,1.20024,11.2577,0.0,1.9232099999999999,14.2246,0.2230309098958969,,
97,Bryce Miller,SP,1.8782510826104108,143.072,4.121090000000001,1.18452,8.250110000000001,8.97748,0.0,0.0,0.16167763620615005,44.0,39.0
98,Braxton Garrett,SP,1.860326687357804,132.798,3.85759,1.23851,8.78512,8.861,0.0,0.0,0.17039841040968895,,45.0
99,Brock Stewart,RP,1.80781532275583,55.6958,3.53379,1.24685,11.3074,0.0,1.3089600000000001,13.6941,0.2019652873277664,,
100,Ryan Pepiot,SP,1.807172641373692,132.45600000000002,3.98883,1.2108299999999999,8.97146,7.64927,0.0,0.25745999999999997,0.15676676481962204,65.0,74.0
101,Andrew Nardi,RP,1.8015931225448976,65.26100000000001,3.68264,1.26556,10.9941,0.0,4.78505,14.5924,0.1910821720957756,,
102,Alex Vesia,RP,1.5704207150873288,55.1475,3.7317,1.21832,11.5204,0.0,1.38713,13.5658,0.21254336833953855,,
103,Yennier Cano,RP,1.4479467161863742,65.1056,3.6913300000000002,1.27209,8.54721,0.0,9.87728,13.8378,0.14818300306797028,,
104,Clayton Kershaw,SP,1.3888156189140528,55.1927,3.74985,1.19513,8.99115,4.03181,0.0,0.0720708,0.17129448056221008,,121.0
105,Alexis Díaz,RP,1.33823826463551,64.6133,3.8485699999999996,1.27566,11.1384,0.0,30.3718,2.38971,0.17469755560159686,,
106,Taylor Rogers,RP,1.0,56.7027,3.83215,1.23855,10.8461,0.0,3.15119,14.3582,0.19953612983226776,,
107,Triston McKenzie,SP,1.0,141.295,4.1260699999999995,1.21004,8.96386,10.1332,0.0,0.0,0.1591591313481331,,84.0
108,Hoby Milner,RP,0.734886938188712,58.8525,3.70781,1.20712,8.5313,0.0,0.39753,13.4157,0.1680319905281067,,
109,Brooks Raley,RP,0.6335618175243227,57.1696,3.81695,1.2810700000000002,9.87218,0.0,2.94408,17.1102,0.1643718034029007,,
110,Hunter Brown,SP,0.5666513679437531,151.858,3.92844,1.2639200000000002,9.69717,10.7787,0.0,0.233864,0.1692475751042366,45.0,53.0
111,Griffin Jax,RP,0.5663885811791949,60.6489,3.98515,1.2186700000000001,9.22749,0.492571,2.0333900000000003,15.3657,0.17304394394159314,,
112,DL Hall,SP,0.5398436305347515,102.73899999999999,3.89679,1.28505,10.9937,5.57033,0.543568,3.8353300000000004,0.18485277891159055,55.0,
113,Joe Kelly,RP,0.5376021565843605,54.5709,3.7235300000000002,1.26613,11.7287,0.0,1.7999599999999998,14.0773,0.20229939371347427,,
114,Trevor Bauer,SP,0.3351585895621275,45.2901,3.90826,1.1860600000000001,9.78777,3.3408800000000003,0.0,0.0,0.181039497256279,,
115,Scott Barlow,RP,0.320372602073868,66.331,3.72975,1.2556100000000001,10.0863,0.0,3.43068,13.0224,0.1734577864408493,,
116,A.J. Puk,SP,0.2710019142202743,91.4776,3.98544,1.24355,10.3032,2.77145,3.04852,2.63682,0.1954016983509064,53.0,
117,Kenley Jansen,RP,0.2546473915956248,58.6819,3.98785,1.2509700000000001,10.7454,0.0,30.1206,0.6760390000000001,0.19008640199899676,,
118,Julian Merryweather,RP,0.17715080659174487,62.7298,3.85702,1.27652,11.0907,0.0,3.30151,15.277000000000001,0.19478581100702289,,
119,Garrett Whitlock,SP,0.16373255113069618,109.682,4.12317,1.2191299999999998,8.78495,4.65451,1.6846400000000001,3.78476,0.17943935096263885,58.0,
120,Tyler Holton,RP,0.10725367417405852,56.0539,3.58336,1.18191,8.11594,0.0,0.48927,9.47048,0.152677021920681,,
121,Ryan Walker,SP/RP,-0.0500264838416411,56.1057,3.6707199999999998,1.29237,10.3065,0.0,0.382216,5.40712,0.180388867855072,,
122,Chad Green,RP,-0.10480588947562276,49.9269,3.8551300000000004,1.17377,10.2938,0.0,1.29477,10.2643,0.20625029504299164,,
123,Cole Ragans,SP,-0.26065660117247913,160.313,3.88533,1.27983,9.65825,11.1283,0.0,0.014653600000000001,0.1570211797952652,9.0,27.0
124,Kenta Maeda,SP,-0.27489324537990845,131.915,4.20959,1.20645,9.285210000000001,8.41745,0.0,0.23583800000000002,0.18001624196767807,,76.0
125,Danny Coulombe,RP,-0.30500583015935145,54.5065,3.73967,1.27136,9.56207,0.0,1.3958899999999999,14.7242,0.1719464659690857,,
126,Hunter Greene,SP,-0.3748778689000325,149.23,4.194719999999999,1.2408299999999999,11.2657,10.3371,0.0,0.0,0.2072441205382347,54.0,33.0
127,John Means,SP,-0.4403491577470893,107.61399999999999,4.19224,1.18078,7.08444,7.10192,0.0,0.19880499999999998,0.13492905721068382,,93.0
128,John Schreiber,RP,-0.6509300766472015,58.4785,3.73259,1.2722200000000001,9.453330000000001,0.0,2.99707,13.1872,0.15637152642011642,,
129,Scott Alexander,SP/RP,-0.7206636658171719,46.4794,3.9322699999999995,1.28888,6.55028,0.0,0.536405,8.76056,0.10521712154150008,,
130,Abner Uribe,RP,-0.745512755895064,57.9159,3.4591199999999995,1.35579,11.7253,0.0,1.59115,14.2256,0.16087418794631958,,
131,Gavin Williams,SP,-0.7914202458810329,143.97,3.9593300000000005,1.25844,9.1764,9.1367,0.0,0.0,0.14858835190534592,39.0,54.0
132,Nick Pivetta,SP,-0.8079590934032408,160.711,4.2104,1.22699,10.2717,9.51547,0.280514,0.373147,0.18683454394340515,35.0,47.0
133,Tommy Kahnle,RP,-0.8179282416169706,46.5055,3.68974,1.23025,10.1201,0.0,1.9690900000000002,10.3053,0.17130429297685626,,
134,JoJo Romero,RP,-0.8971860864704166,52.9699,3.67958,1.22789,9.950289999999999,0.0,3.0497099999999997,8.97432,0.1810551881790161,,
135,Jonathan Loáisiga,RP,-0.9551535722871276,50.5897,3.73225,1.2267299999999999,7.289789999999999,0.0,3.23866,11.2505,0.1255747526884079,,
136,José Berríos,SP,-0.9646801771492172,174.304,4.14353,1.23045,8.43592,12.7221,0.0,0.0,0.15790099650621414,,49.0
137,Andrew Kittredge,RP,-1.1727273885091178,51.2334,3.7621300000000004,1.19757,7.651489999999999,0.0,2.72096,9.4213,0.15026411041617393,,
138,Sam Hentges,RP,-1.176004469507054,60.1728,3.65141,1.29611,9.666210000000001,0.0,0.5515770000000001,13.9348,0.16385851055383682,,
139,Eduardo Rodriguez,SP,-1.1775758094784377,162.713,3.9190400000000003,1.27518,8.49584,12.2128,0.0,0.0,0.14650464802980426,71.0,59.0
140,Merrill Kelly,SP,-1.1856561250440991,179.52700000000002,3.9894,1.26548,8.545630000000001,13.6539,0.0,0.0,0.1447199583053589,50.0,46.0
141,Brock Burke,RP,-1.3531043270176752,63.522,3.8802,1.21783,8.92375,0.0,0.369557,11.671,0.1725747063755989,,
142,Mark Leiter Jr.,RP,-1.4719239062156897,60.8684,4.03881,1.25055,10.0235,0.0,1.5097200000000002,14.3253,0.17645756900310516,,
143,David Robertson,RP,-1.5045564444767783,59.1203,3.8650800000000003,1.29125,10.2816,0.0,8.55765,10.683,0.1672748401761055,,
144,Nathan Eovaldi,SP,-1.5775607429549017,149.017,4.05549,1.2491,8.30685,10.8826,0.0,0.0,0.15036562830209732,38.0,51.0
145,Tyler Wells,SP,-1.6912762503685004,102.71700000000001,4.29424,1.19455,8.326080000000001,4.5955900000000005,0.49763500000000005,1.9933900000000002,0.1516813039779663,85.0,128.0
146,Ryan Brasier,RP,-1.6992396832498344,56.3686,4.10544,1.2299799999999999,8.914769999999999,0.0,0.864617,14.383,0.16327320039272308,,
147,Aaron Bummer,RP,-1.70812651006824,59.8083,3.7923,1.3150600000000001,10.8151,0.0,0.918708,14.8298,0.1735643371939659,,
148,Ian Hamilton,RP,-1.7114623863843246,59.8524,3.5811599999999997,1.2876299999999998,10.1484,0.0,1.61758,10.3753,0.1622212901711464,,
149,Orion Kerkering,RP,-1.7569168619526323,53.0839,3.75001,1.24317,10.3346,0.0,3.0672900000000003,8.677589999999999,0.1925648897886276,,
150,José Leclerc,RP,-1.7791451437852601,60.033,3.93146,1.30964,10.2514,0.0,19.9604,5.98726,0.15592829883098602,,
151,Jason Foley,RP,-1.7846257819991047,60.9067,3.7460000000000004,1.3106,7.374739999999999,0.0,6.94022,13.3146,0.12640366703271866,,
152,Cristopher Sánchez,SP,-1.855148013109192,145.096,4.04408,1.24268,8.076419999999999,8.91052,0.00492222,0.257821,0.14328983426094055,,56.0
153,Tyler Rogers,RP,-1.9150433635589752,67.9365,3.9443,1.28741,6.70396,0.0,2.1535599999999997,17.9079,0.11198382824659348,,
154,Gregory Soto,RP,-1.9525749478915908,63.379,3.9554400000000003,1.3185799999999999,10.0037,0.0,3.62848,16.1538,0.15179592370986938,,
155,Robbie Ray,SP,-1.9837799470155344,49.7992,4.09623,1.24722,9.90554,3.57021,0.0,0.220442,0.18024595081806186,,81.0
156,Jeff Hoffman,RP,-2.077019369626885,63.2629,3.9440699999999995,1.26986,10.7554,0.0,4.089180000000001,11.2538,0.1788128763437271,,
157,Nick Lodolo,SP,-2.085083296793675,111.764,4.14651,1.25891,10.6249,7.50232,0.0,0.21915300000000001,0.19795116782188416,66.0,63.0
158,Alex Cobb,SP,-2.16610654135683,100.656,3.83875,1.29006,8.010819999999999,7.36522,0.0,0.175249,0.14271779358386993,,122.0
159,Pierce Johnson,RP,-2.182709284609841,56.5677,3.82776,1.30576,12.0212,0.0,1.4312799999999999,12.3294,0.2131829336285591,,
160,Griffin Canning,SP,-2.252472167852292,140.83700000000002,4.15928,1.24371,9.57652,8.904630000000001,0.0,0.0,0.1792452037334442,95.0,85.0
161,J.P. Feyereisen,RP,-2.2914620569798942,40.87,3.5595800000000004,1.24926,8.864310000000001,0.0,0.45721999999999996,9.00336,0.13465183228254318,,
162,Dylan Cease,SP,-2.3037594612468713,173.37599999999998,4.000430000000001,1.29141,10.3985,12.3188,0.0,0.0,0.17125622183084488,37.0,26.0
163,Phil Maton,RP,-2.3213522899951022,61.4809,3.86001,1.2438,10.0217,0.0,0.47658100000000003,10.3711,0.17549218237400055,,
164,Trevor Stephan,RP,-2.405129277300225,52.641000000000005,3.9373699999999996,1.26876,9.946819999999999,0.0,1.19805,12.3696,0.1724400296807289,,
165,Will Vest,RP,-2.4182517107097907,59.8696,3.7963699999999996,1.27215,9.49385,0.0,1.7969700000000002,11.0512,0.16944517195224762,,
166,Lance McCullers Jr.,SP,-2.4228427585552383,37.84,3.8039199999999997,1.30189,8.99803,2.68387,0.0,0.244784,0.1329333782196045,,133.0
167,Adam Ottavino,RP,-2.5185111223049232,60.4458,3.95744,1.31189,9.32317,0.0,4.19762,14.532,0.14069007337093353,,
168,Enyel De Los Santos,RP,-2.5369354166103357,61.5785,3.9348199999999998,1.2698,9.35267,0.0,0.379837,13.3903,0.15420309454202652,,
169,Gregory Santos,RP,-2.545982912344706,60.4085,3.7663599999999997,1.2851700000000001,9.09495,0.0,3.62236,10.6407,0.15923110395669934,,
170,Seranthony Domínguez,RP,-2.7273424983194,58.8835,3.98335,1.32486,9.47182,0.0,5.84874,14.1356,0.14624404907226562,,
171,Tyler Mahle,SP,-2.8167836277715814,38.7943,4.19805,1.24712,9.291939999999999,2.3841200000000002,0.0,0.449946,0.1630508154630661,,
172,Andrew Chafin,RP,-2.8785652221427696,55.6731,3.93836,1.3135299999999999,9.91922,0.0,2.7357299999999998,13.5841,0.15921278297901156,,
173,Ricky Tiedemann,SP,-2.911435847190573,53.3371,3.9930000000000003,1.29608,10.4982,3.1343900000000002,0.0,0.360996,0.1670759916305542,,159.0
174,Trevor Megill,RP,-2.9472728296386563,55.7749,3.9092300000000004,1.27292,11.622,0.0,2.51526,9.30535,0.21656184643507004,,
175,Tom Cosgrove,RP,-3.0938268418571093,55.7885,3.7682,1.25368,8.78917,0.0,0.741754,9.21925,0.13712690025568008,,
176,Drew Thorpe,SP,-3.1351307677354487,54.3431,4.05467,1.26047,8.38875,3.14016,0.0,0.0,0.1417384147644043,,
177,Josh Sborz,RP,-3.1506289058905823,58.351000000000006,4.20624,1.2775299999999998,10.9267,0.0,2.03341,13.7488,0.19474151730537412,,
178,Matt Moore,RP,-3.2059505689572445,57.981,3.98138,1.3256,9.756689999999999,0.0,1.2163700000000002,15.4358,0.15484550595283508,,
179,Wandy Peralta,RP,-3.3615782610402736,54.8419,3.66232,1.32692,8.45952,0.0,1.5206600000000001,11.9206,0.11637769639492035,,
180,JT Chargois,SP/RP,-3.420360254426264,54.4187,4.10051,1.34151,8.07687,0.0,0.5237729999999999,8.25548,0.1154073253273964,,
181,Steven Okert,RP,-3.429904607489332,50.8034,4.06115,1.2528700000000002,10.9342,0.0,0.29788000000000003,10.4548,0.1898287609219551,,
182,Anthony Bender,RP,-3.477315301086106,48.0262,3.90104,1.27769,9.189219999999999,0.0,2.95312,9.69196,0.1513497531414032,,
183,Brennan Bernardino,SP/RP,-3.5634606874296555,51.4649,3.9972800000000004,1.3605,9.40611,0.0,0.057546900000000005,6.769239999999999,0.1518610715866089,,
184,Garrett Cleavinger,RP,-3.5767341540856834,43.118,3.5740300000000005,1.24804,11.4084,0.0,0.0493093,5.07989,0.18904586881399155,,
185,Taj Bradley,SP,-3.579305587417453,129.252,4.1689,1.24993,9.5157,6.71518,0.0,0.22078699999999998,0.1717914417386055,64.0,52.0
186,Kyle Finnegan,RP,-3.5979775928686832,66.6345,4.06316,1.32208,8.900139999999999,0.0,20.4973,6.563110000000001,0.14327354729175568,,
187,Colin Holderman,RP,-3.6474904780208215,59.9147,4.02038,1.33352,8.90033,0.0,1.6439400000000002,16.2676,0.13740818947553635,,
188,Ryan Borucki,RP,-3.8066340083630887,51.7603,4.07311,1.23248,7.99016,0.596819,0.0,10.2498,0.13528111577033994,,
189,Marcus Stroman,SP,-3.8610760398815502,151.316,3.99111,1.28366,7.63162,11.749,0.0,0.0,0.12381138652563095,69.0,69.0
190,Justin Topa,RP,-3.900506427163556,53.5018,3.9280699999999995,1.3050700000000002,7.80017,0.0,0.989085,13.1986,0.13186826556921005,,
191,Nick Sandlin,RP,-3.929391378266404,56.6812,3.9789,1.2771299999999999,9.57465,0.0,0.07130210000000001,11.3818,0.1457868367433548,,
192,Louie Varland,SP,-3.963987565479328,120.365,4.1504199999999996,1.25623,8.69939,6.97992,0.0,0.32219000000000003,0.16223882138729095,77.0,90.0
193,Kevin Kelly,RP,-3.970760079547942,48.5483,3.81837,1.20574,8.07852,0.0,0.525881,5.88448,0.15009154379367828,,
194,Dylan Lee,RP,-4.032178729295263,38.7588,3.8028199999999996,1.23099,9.431289999999999,0.0,0.0497805,6.712110000000001,0.18326228857040405,,
195,James Karinchak,RP,-4.057180499393895,44.5488,3.8551699999999998,1.31294,11.9591,0.0,1.6264299999999998,8.80222,0.17864058911800385,,
196,Steven Wilson,RP,-4.070465785812349,51.7526,4.21384,1.2700200000000001,9.72145,0.0,0.397966,12.7004,0.14886227995157242,,
197,Steven Matz,SP,-4.234706496983248,123.039,4.0529,1.27449,8.47316,6.68785,0.0,0.717776,0.15311336517333984,,138.0
198,Cristian Javier,SP,-4.258223021540041,157.05200000000002,4.30929,1.23881,9.53731,9.7767,0.0,0.171876,0.15953204035758972,42.0,77.0
199,Eli Morgan,RP,-4.269329652251011,58.9011,4.12599,1.23557,9.40822,0.678243,0.152553,9.21493,0.1778104528784752,,
200,James McArthur,RP,-4.3230718763124285,61.7287,4.16745,1.30735,8.6215,0.0,9.660639999999999,10.997,0.1464558243751526,,
201,Jordan Hicks,SP,-4.3321280132845725,102.426,3.82936,1.34104,9.78791,4.84293,0.271602,1.7260099999999998,0.1435329094529152,92.0,79.0
202,Alex Faedo,SP,-4.39542369577118,49.4305,4.33476,1.25265,8.76094,0.999393,0.0,1.56545,0.15646586567163467,,
203,Alex Lange,RP,-4.442691969200635,62.629,3.9501800000000005,1.3865,10.5544,0.0,20.8561,5.87282,0.13905571401119232,,
204,Kyle Harrison,SP,-4.5073278360910765,134.585,4.06861,1.28906,9.98675,7.75202,0.0,0.0,0.15786276757717133,94.0,71.0
205,Nick Anderson,RP,-4.521186701225607,48.495,4.29836,1.28817,8.35108,0.0,1.98842,13.3915,0.14671480655670166,,
206,Jesse Chavez,RP,-4.557054027619219,50.0042,3.9510199999999998,1.3119999999999998,9.22228,0.520043,1.2103700000000002,10.5319,0.15636635571718216,,
207,Sean Manaea,SP,-4.661947124653462,135.877,4.24826,1.2562200000000001,9.26383,8.6245,0.17796099999999998,0.16516199999999998,0.16844834387302401,,89.0
208,Brandon Pfaadt,SP,-4.717708358189137,145.58,4.3282,1.22327,8.58847,7.957999999999999,0.0,0.0,0.169273242354393,88.0,61.0
209,Aaron Ashby,SP,-4.794852645162396,75.7955,3.87774,1.3491799999999998,9.97461,3.1116599999999996,0.0009967691,1.4709999999999999,0.1530228555202484,,
210,Ryne Stanek,RP,-4.8902683012343005,54.4794,3.89965,1.31251,9.871839999999999,0.0,0.617888,10.1037,0.1468587890267372,,
211,Dillon Tate,RP,-4.916707701547242,51.1527,4.1241,1.25832,7.17022,0.0,1.41859,10.4628,0.1191369965672493,,
212,Garrett Crochet,SP,-4.9488476750818124,70.1998,3.93833,1.3826200000000002,10.0154,1.87038,0.768117,4.97221,0.13841579109430313,80.0,
213,Domingo Germán,SP,-4.9509317604783085,77.4193,4.41172,1.22895,8.50268,3.99044,0.0,0.0,0.15345819294452667,,106.0
214,Paul Skenes,SP,-5.116636530898635,60.7839,4.17968,1.27142,8.78967,1.6813099999999999,0.0,0.0,0.1472688391804695,,108.0
215,Will Smith,RP,-5.1540619593895896,59.6586,4.4528099999999995,1.30872,9.00147,0.0,14.399000000000001,9.803239999999999,0.14720667153596878,,
216,Blake Treinen,RP,-5.192257758554281,41.5396,3.96659,1.27078,9.136660000000001,0.0,0.464976,7.57978,0.15752550959587094,,
217,Luke Jackson,RP,-5.232759839329465,57.2182,3.89981,1.32934,9.83639,0.0,0.5886680000000001,10.7851,0.1577109396457672,,
218,Andrew Saalfrank,RP,-5.2799487925895425,50.983000000000004,3.6633,1.41621,9.169989999999999,0.0,0.181901,13.3439,0.1109454780817032,,
219,James Paxton,SP,-5.3213760796099105,77.2469,4.28402,1.29057,9.433639999999999,5.47152,0.0,0.149952,0.16420814394950867,62.0,134.0
220,Woo-Suk Go,RP,-5.340980505268037,59.8851,4.00485,1.3574700000000002,10.4197,0.0,3.76726,11.8824,0.15995360910892487,,
221,Michael Fulmer,RP,-5.3649760733289265,35.4439,4.00884,1.30453,9.27704,0.0,0.8959010000000001,8.311160000000001,0.14796824753284454,,
222,Dany Jiménez,RP,-5.390907180240066,53.2089,4.14885,1.35134,9.52554,0.0,7.3774,10.7199,0.1238597333431244,,
223,Ryan Thompson,RP,-5.448357573200284,53.9531,4.03184,1.29706,7.684769999999999,0.0,0.728589,11.0325,0.1209021732211113,,
224,Emilio Pagán,RP,-5.60895192248304,63.4419,4.41161,1.27072,9.63754,0.0,3.2206,11.9476,0.16910532861948013,,
225,Emmet Sheehan,SP,-5.636900522935762,95.7465,4.362830000000001,1.26499,9.905339999999999,5.26469,0.00864441,0.44772799999999996,0.15948699414730072,,82.0
226,Scott McGough,RP,-5.661581833487077,54.7745,4.22288,1.30675,10.1664,0.0,2.8655,10.5094,0.16930188238620758,,
227,Yusei Kikuchi,SP,-5.756197168622098,147.935,4.17063,1.2806600000000001,9.551960000000001,8.96221,0.00199851,0.0,0.16549716889858246,57.0,48.0
228,Victor González,RP,-5.7881216312669865,46.9546,3.94944,1.29098,8.568489999999999,0.0,0.0,8.20861,0.13404960185289386,,
229,Dauri Moreta,RP,-5.802742967453369,35.433,4.05546,1.2201600000000001,10.4011,0.0,0.756404,3.83921,0.18682685494422915,,
230,Sixto Sánchez,RP,-5.906107693467572,44.2292,3.76723,1.24443,8.81091,0.37003400000000003,0.0,3.1129,0.1639333739876747,,
231,Keynan Middleton,RP,-5.965038231247187,45.2943,4.008319999999999,1.29295,9.90973,0.0,0.7697189999999999,7.13583,0.16311810165643692,,
232,Kirby Yates,RP,-5.975534303120825,57.2065,4.17892,1.35245,10.9306,0.0,1.96812,12.6053,0.16043945401906967,,
233,Cionel Pérez,RP,-5.995127889807107,53.3249,3.77932,1.3996899999999999,8.336730000000001,0.0,0.887863,12.7719,0.1084197536110878,,
234,Keaton Winn,SP,-6.000337263278003,122.51100000000001,4.18139,1.27267,7.77545,7.30165,0.0157639,0.721561,0.1352721005678177,,123.0
235,Trevor Gott,RP,-6.114853061559041,57.2715,4.28794,1.30691,8.77275,0.0,3.2905699999999998,11.5852,0.14628786593675613,,
236,Fernando Cruz,RP,-6.173810518561468,48.2316,4.2272,1.28682,11.8634,0.0,0.192474,7.886089999999999,0.20791377127170566,,
237,Hayden Wesneski,SP/RP,-6.2317387011631595,60.3521,4.36699,1.2897,8.435369999999999,1.67715,0.0,1.6867900000000002,0.14004989713430405,,132.0
238,Joe Mantiply,RP,-6.2324742903176995,53.0955,3.99459,1.26827,7.63515,0.0,0.276544,7.43324,0.1394209749996662,,
239,Jay Jackson,RP,-6.303222207312442,37.128,3.8436,1.2441799999999998,9.374130000000001,0.0,0.0339674,3.0945400000000003,0.1681188941001892,,
240,Rafael Montero,RP,-6.32722418482206,56.9535,4.216559999999999,1.32859,9.63429,0.0,0.8286600000000001,12.3674,0.1587824523448944,,
241,Drew Smith,RP,-6.340002676765666,55.0655,4.2808,1.3249,9.55148,0.0,1.01037,12.5077,0.14850590378046036,,
242,Michael Grove,SP/RP,-6.43276007737604,43.8204,4.580430000000001,1.29999,9.45134,0.213306,0.0,1.8973200000000001,0.17347615212202072,,166.0
243,Trevor Richards,RP,-6.465563429330557,50.9705,4.24148,1.29016,11.3831,0.422418,0.0,7.89935,0.19314177334308624,,
244,Kody Funderburk,RP,-6.524031007072215,40.3855,3.60673,1.31227,9.9189,0.0,0.31761100000000003,3.3167199999999997,0.15914329886436462,,
245,José Soriano,RP,-6.558191610162264,59.4152,4.01783,1.39408,10.6168,0.7497090000000001,0.6726850000000001,12.8276,0.14800061285495758,,
246,Carlos Estévez,RP,-6.614728700965547,63.2447,4.28817,1.35643,9.58877,0.0,18.2042,6.23344,0.14732306450605392,,
247,Trevor Rogers,SP,-6.6674884647232044,104.463,4.22321,1.2958100000000001,9.065,6.09596,0.0,0.375722,0.15316464006900787,93.0,75.0
248,Luis García,RP,-6.708801858892746,59.8049,4.05187,1.3384200000000002,8.58688,0.0,0.661529,11.5947,0.13659387826919556,,
249,Elvis Peguero,RP,-6.758832205479656,50.4598,4.16202,1.32755,8.19614,0.0,0.578793,10.8915,0.1228451058268547,,
250,Shelby Miller,RP,-6.788077632686098,51.4646,4.06565,1.32064,9.40535,0.588294,2.86912,6.80905,0.1365361213684082,,
251,David Peterson,SP,-6.830613516153628,70.9286,4.07505,1.36545,9.75098,3.5899900000000002,0.0,0.848131,0.1507546305656433,,105.0
252,Carmen Mlodzinski,RP,-6.869007848459909,50.4921,4.01866,1.39795,8.48783,0.0,0.788088,12.9404,0.115594282746315,,
253,Lucas Sims,RP,-6.969736076214473,54.8243,4.57943,1.37065,10.6544,0.0,1.8343900000000002,16.3171,0.14716558158397675,,
254,Miguel Castro,RP,-7.16303731642908,55.5222,4.24643,1.34979,8.862589999999999,0.0,1.9033900000000001,12.1438,0.12412897497415545,,
255,Logan Allen,SP,-7.167861901557157,136.97899999999998,4.12654,1.30168,8.53529,8.9377,0.0,0.0,0.13898994773626328,,120.0
256,Kyle Nelson,RP,-7.225126994170281,44.1758,4.121659999999999,1.32263,9.54467,0.0,0.0617455,7.70229,0.1585121601819992,,
257,Zach Jackson,RP,-7.336388046957532,41.9541,3.9450199999999995,1.41981,10.9852,0.0,0.875307,9.04386,0.14705446362495422,,
258,Reid Detmers,SP,-7.396442095602278,152.813,4.26549,1.28406,9.63015,9.65325,0.0,0.0,0.1630672737956047,,95.0
259,Ron Marinaccio,RP,-7.4090407482898835,46.6129,4.13912,1.3359,10.4006,0.0,0.381524,7.843089999999999,0.1442134827375412,,
260,Keegan Akin,RP,-7.42759722361864,41.5838,4.12005,1.27245,9.249460000000001,0.513624,0.163253,4.07226,0.1700844168663025,,
261,Chris Devenski,RP,-7.461622554046709,51.2207,4.58001,1.24795,8.604510000000001,0.0836641,0.08591080000000001,9.33718,0.16122159361839294,,
262,Sam Moll,RP,-7.466514553919182,51.0446,4.01627,1.36501,9.78805,0.0,0.66388,9.03838,0.14149224013090134,,
263,Jhony Brito,SP,-7.4825336214230225,106.787,4.1954400000000005,1.2813299999999999,7.17093,4.7595,0.00451915,0.742513,0.11628565937280655,,145.0
264,Chris Paddack,SP,-7.487016063541907,117.655,4.40244,1.25271,8.19158,6.4013800000000005,0.0,0.225942,0.1598033644258976,75.0,73.0
265,Mason Black,SP,-7.56232486256646,81.6408,4.26816,1.32466,8.5769,4.28651,0.0,1.3511799999999998,0.13446081429719925,,
266,Mitch Keller,SP,-7.658227408985629,180.817,4.15827,1.2944799999999999,8.66043,12.9661,0.0,0.0,0.14747700840234754,74.0,58.0
267,José Buttó,SP,-7.712033414818697,35.8394,4.62197,1.38917,8.09089,1.6912900000000002,0.0,0.776313,0.11150294542312622,,
268,Bryan Baker,RP,-7.726623313554455,38.0912,4.01699,1.3392600000000001,9.7126,0.0,0.343047,5.473380000000001,0.1434084177017212,,
269,Drew Smyly,SP,-7.7848026297492074,74.768,4.444780000000001,1.3210899999999999,8.87326,1.7535599999999998,0.252835,4.28857,0.15158911794424054,,160.0
270,Ryan Yarbrough,SP/RP,-7.787820497050671,66.8974,4.56412,1.25614,7.13541,1.6583700000000001,0.130983,0.983218,0.1375008076429367,,
271,Cole Irvin,SP,-7.8597687847871756,87.2792,4.38666,1.2680799999999999,6.89372,3.63211,0.0,0.9504379999999999,0.12733470648527145,81.0,
272,Ross Stripling,SP,-7.919935565742066,122.551,4.35462,1.25298,7.16746,6.25402,0.00124066,0.6692739999999999,0.13517604023218155,,157.0
273,Joe Ross,SP,-7.942371068981117,70.3419,4.45279,1.30569,8.14835,3.5912800000000002,0.0,0.81563,0.13118062913417816,,
274,Kyle Hurt,RP,-7.950855980077959,35.7394,3.9859699999999996,1.2770299999999999,10.9153,0.997684,0.0,0.45988500000000004,0.17908184975385666,,168.0
275,Génesis Cabrera,RP,-8.024669170734928,53.4874,4.27344,1.35134,8.93585,0.0,0.00171434,11.3834,0.12789900600910187,,
276,Brandon Bielak,SP,-8.035096064613365,50.4428,4.2256,1.40031,7.79466,0.767316,0.0,2.68813,0.1059633269906044,,
277,Luke Little,RP,-8.03709598850581,35.2837,3.6658699999999995,1.3844100000000001,11.5562,0.0,0.0,2.9761,0.16396865248680115,,
278,Collin McHugh,RP,-8.069298374347467,48.6912,4.465269999999999,1.3423399999999999,8.0554,0.0,0.0,12.3342,0.13503234088420868,,
279,Beau Brieske,RP,-8.12857710602549,50.0443,4.2253099999999995,1.29589,7.84997,1.04345,0.256345,6.22168,0.13033244758844376,,
280,Joey Lucchesi,SP,-8.193797994539151,53.7513,4.31264,1.36578,7.220269999999999,2.67306,0.0,0.5837899999999999,0.0990126058459282,,
281,Cade Cavalli,SP,-8.222488757713636,48.5172,4.48416,1.37517,8.709660000000001,2.60019,0.0,0.546046,0.11970645934343338,,
282,Nick Robertson,RP,-8.32639281080886,36.1934,4.05871,1.26357,9.34171,0.0,0.0,1.51627,0.16581083089113235,,
283,Edward Cabrera,SP,-8.344132556311799,128.935,4.03503,1.3446,9.73638,7.350860000000001,0.0,0.0,0.13426389545202255,,65.0
284,JP Sears,SP,-8.404571168883306,161.279,4.34654,1.25569,8.19077,9.317269999999999,0.0,0.0,0.1425572708249092,91.0,114.0
285,Ronel Blanco,SP/RP,-8.434969091351824,54.034,4.50553,1.39893,9.15982,1.32361,0.0,4.43709,0.1254512220621109,,
286,Connor Phillips,SP,-8.523778624303581,36.7551,4.70061,1.4298799999999998,10.28,2.14365,0.0,0.24125300000000002,0.13921601325273514,,125.0
287,Tanner Banks,RP,-8.561131191139335,54.9464,4.23606,1.27867,8.214210000000001,0.199812,0.659235,5.502000000000001,0.15211112797260284,,
288,Jon Gray,SP,-8.594126441293495,153.774,4.302,1.28195,8.62156,10.263,0.0,0.0,0.14633458852767944,,68.0
289,Tim Herrin,RP,-8.622057832923193,36.5959,3.91212,1.34717,9.482510000000001,0.0,0.0,3.2801199999999997,0.14242107421159744,,
290,Bowden Francis,RP,-8.752601256724923,58.4409,4.24754,1.23614,8.95831,1.7150900000000002,0.173431,0.949076,0.15943676978349686,,
291,Zack Thompson,SP/RP,-8.782333654429653,60.4031,4.2613199999999996,1.38541,8.71442,2.32505,0.00236957,0.983728,0.1219906285405159,,167.0
292,Charlie Morton,SP,-8.804848399418232,143.893,4.14773,1.33105,9.77379,9.64007,0.0,0.0,0.15297534316778186,83.0,57.0
293,Yency Almonte,RP,-8.809536943205384,47.0139,4.32736,1.34578,9.22229,0.0,0.321247,8.28225,0.13342337310314178,,
294,Eric Lauer,SP,-8.848028807751207,42.2111,4.70974,1.37683,7.97675,2.29853,0.0,0.295244,0.11276880651712418,,
295,Connor Brogdon,RP,-8.86226923663093,45.7194,4.24783,1.3127,8.98361,0.0,0.25393899999999997,5.54944,0.14782318472862244,,
296,Michael Tonkin,RP,-8.86486719090732,45.9938,4.33929,1.25447,9.03271,0.0,0.112532,3.42389,0.1561235561966896,,
297,Ranger Suárez,SP,-8.865147320894566,148.09799999999998,4.01234,1.3358299999999999,7.9231,10.3026,0.199879,0.0,0.1202198565006256,,104.0
298,Jakob Junis,SP,-8.872276172550947,99.0794,4.40768,1.28416,8.71362,3.4411199999999997,0.20915599999999998,0.8225450000000001,0.16462084650993347,,158.0
299,John King,RP,-8.970691899603112,49.4907,3.95265,1.40523,5.85326,0.0,0.508744,10.1142,0.08263903856277466,,
