,Name,POS,Dollars,PA,HR,R,RBI,SB,OBP,SLG,OPS,wOBA
0,Ronald Acuna Jr.,OF,65.74029321514793,658.845,35.2782,119.899,92.9023,51.5591,0.402163,0.566034,0.968197,0.409484
1,Aaron Judge,OF/DH,53.50641685595097,600.231,43.6953,99.8445,106.164,6.396059999999999,0.39474899999999996,0.585756,0.980505,0.408204
2,Juan Soto,OF,52.78647843673465,664.0319999999999,36.6916,104.499,100.075,10.6219,0.41991999999999996,0.54445,0.9643700000000001,0.408576
3,Yordan Alvarez,OF/DH,49.486260763034274,598.905,38.6218,95.3077,106.54299999999999,0.727507,0.39750100000000005,0.593411,0.9909110000000001,0.413988
4,Shohei Ohtani,P/DH,49.14914093509564,608.746,37.9307,101.09200000000001,98.7215,18.5215,0.384617,0.572624,0.95724,0.399017
5,Matt Olson,1B,45.86578967070253,662.5239999999999,40.1822,101.78399999999999,111.749,1.13825,0.367721,0.536192,0.903914,0.380945
6,Mookie Betts,2B/OF,44.709398783960545,661.015,32.7371,110.656,93.9382,13.078,0.377949,0.5269699999999999,0.904918,0.385033
7,Freddie Freeman,1B,42.47007143633587,676.9839999999999,25.7609,108.443,96.0618,14.9927,0.391538,0.512652,0.9041899999999999,0.384281
8,Kyle Tucker,OF,41.52857957998348,643.696,30.6987,94.4452,103.23,25.5843,0.359514,0.5170170000000001,0.876531,0.370064
9,Fernando Tatis Jr.,OF,39.74133187854032,646.629,33.2361,98.3878,93.4179,28.3614,0.34591500000000003,0.511808,0.8577229999999999,0.363854
10,Julio Rodriguez,OF,38.85085833251896,662.488,31.5195,98.6218,91.4779,32.1964,0.344534,0.5035029999999999,0.848038,0.359647
11,Bryce Harper,1B/DH,38.587097755635284,632.601,29.2546,95.4249,92.3092,12.6777,0.389181,0.5189199999999999,0.9081,0.38448499999999997
12,Austin Riley,3B,38.41000912906173,669.3389999999999,38.0085,100.294,103.365,2.40041,0.349542,0.5321279999999999,0.8816700000000001,0.371787
13,Bobby Witt Jr.,SS,37.74349282212425,657.063,29.163,98.56200000000001,89.7456,42.0209,0.327047,0.502249,0.8292959999999999,0.350521
14,Pete Alonso,1B,37.61089514267246,648.721,41.1585,89.0545,109.81700000000001,3.61803,0.340439,0.515759,0.8561979999999999,0.360259
15,Corbin Carroll,OF,36.01923321738297,630.894,23.4116,100.995,76.2728,45.4926,0.358533,0.48963500000000004,0.8481690000000001,0.363102
16,Rafael Devers,3B,35.633505813938996,650.873,34.9313,93.4988,100.369,4.45731,0.356621,0.5290229999999999,0.8856440000000001,0.372787
17,Kyle Schwarber,OF/DH,34.52144658700505,648.226,40.8547,95.7727,97.2977,3.3936599999999997,0.34673699999999996,0.49083999999999994,0.837576,0.357695
18,Vladimir Guerrero Jr.,1B/DH,32.47858760425593,662.932,31.4256,89.4297,97.7772,5.57388,0.36094499999999996,0.501319,0.8622639999999999,0.36685500000000004
19,Jose Ramirez,3B/DH,31.79609770471132,657.0060000000001,26.4043,90.2731,94.126,24.6143,0.356284,0.492812,0.849096,0.358092
20,Corey Seager,SS,29.374051351615147,558.714,29.4897,83.21799999999999,87.59200000000001,2.3819,0.365823,0.541365,0.9071879999999999,0.38153000000000004
21,Mike Trout,OF,29.149871295358814,541.1709999999999,32.6419,83.0205,82.6657,2.8439400000000004,0.369431,0.537981,0.9074120000000001,0.382601
22,Trea Turner,SS,25.933824661030048,666.9730000000001,22.9843,97.7902,82.5016,28.8529,0.332988,0.46184899999999995,0.794837,0.340927
23,Ozzie Albies,2B,25.918644428730488,642.861,26.7296,94.0045,92.9025,13.2761,0.32743099999999997,0.479372,0.806804,0.343107
24,Marcus Semien,2B,25.23805292447269,680.245,26.7663,99.9213,85.4431,14.8857,0.333104,0.46238900000000005,0.795493,0.341588
25,Francisco Lindor,SS,24.48715379666284,654.9580000000001,26.711,91.6362,87.8441,22.4917,0.331818,0.45000200000000007,0.78182,0.336307
26,Randy Arozarena,OF,24.458371151970567,636.622,24.6845,87.8114,80.3323,25.2253,0.350524,0.45560200000000006,0.806127,0.34870500000000004
27,Luis Robert,OF,24.217615340682467,601.702,30.009,84.5579,84.4874,18.8488,0.31909099999999996,0.49236899999999995,0.8114600000000001,0.343541
28,Adolis Garcia,OF,23.95588870524652,632.987,32.0864,90.64399999999999,94.8743,13.06,0.30930100000000005,0.467743,0.777044,0.33098
29,Nolan Jones,OF,23.15270057443047,578.804,23.7386,81.2188,77.9863,19.1304,0.36019,0.48135,0.84154,0.36087800000000003
30,Jose Altuve,2B,22.67483296106061,615.5790000000001,23.7347,96.2901,72.12899999999999,14.5919,0.354213,0.465214,0.819427,0.353981
31,Michael Harris II,OF,22.5184649763474,599.371,22.1577,88.2777,79.3645,23.5029,0.334069,0.481962,0.816032,0.34791
32,Paul Goldschmidt,1B/DH,20.603547332842087,645.078,24.1921,88.1403,84.1864,7.42022,0.357072,0.45112299999999994,0.808194,0.34975
33,Manny Machado,3B/DH,20.019013785891996,606.28,28.6428,79.8078,91.9528,5.9653599999999996,0.335938,0.47955699999999996,0.815495,0.34636500000000003
34,Bryan Reynolds,OF,19.667063839714693,643.138,24.0904,86.215,81.3919,10.0444,0.346565,0.463096,0.809661,0.347604
35,Gunnar Henderson,3B/SS,19.39664065836555,610.359,25.3909,87.0751,81.0741,11.6016,0.340096,0.475966,0.816063,0.349157
36,Christian Walker,1B,19.192043218104867,629.692,27.8403,80.18,90.8854,6.75127,0.331723,0.46191099999999996,0.7936340000000001,0.340041
37,Alex Bregman,3B,19.04230300630081,652.617,22.5889,91.4488,86.4028,2.2814799999999997,0.36526,0.44802700000000006,0.813288,0.35370999999999997
38,Royce Lewis,3B,18.81066134124615,561.036,26.5667,78.0108,82.0674,13.0853,0.335977,0.48849799999999993,0.824475,0.352137
39,Triston Casas,1B,18.268357905778956,579.6,26.9428,76.65100000000001,79.1212,1.06823,0.359441,0.47891300000000003,0.838354,0.36001500000000003
40,Bo Bichette,SS,18.23335844893354,638.465,22.4544,85.831,82.3778,10.8125,0.333505,0.469454,0.802959,0.34421199999999996
41,Christian Yelich,OF/DH,16.509776301648138,629.368,17.5673,90.4156,68.9905,22.2814,0.36133000000000004,0.420724,0.7820550000000001,0.34110799999999997
42,Jazz Chisholm Jr.,OF,16.465419475673677,543.941,24.7893,77.9307,73.3654,28.294,0.31175,0.45804300000000003,0.7697930000000001,0.329016
43,Cody Bellinger,1B/OF,16.366142130082313,589.5740000000001,22.8888,82.7932,82.2858,17.4262,0.322569,0.451517,0.7740859999999999,0.33050300000000005
44,Spencer Torkelson,1B,16.34182058334877,628.247,29.2228,80.1885,84.3286,2.61022,0.327833,0.460534,0.788367,0.338333
45,Matt McLain,2B/SS,16.271236329361653,575.698,21.5747,78.9758,73.1549,19.4685,0.33969499999999997,0.455313,0.795008,0.343188
46,Gleyber Torres,2B,16.21965853829013,621.184,23.5229,82.0013,77.191,12.7263,0.337991,0.449388,0.787379,0.33944
47,Ketel Marte,2B,15.258892867320005,618.779,19.4131,83.7618,76.7345,6.875089999999999,0.350578,0.45746099999999995,0.8080390000000001,0.347941
48,William Contreras,C/DH,15.223234264049337,581.659,22.1564,76.7829,74.0513,4.294980000000001,0.349438,0.459455,0.8088930000000001,0.349072
49,Max Muncy,3B,15.100906780884245,552.3530000000001,28.3289,79.0179,82.8645,1.87726,0.342861,0.45542200000000005,0.798284,0.344242
50,Dansby Swanson,SS,14.621718050940855,645.378,23.6883,84.6172,82.23200000000001,11.6771,0.3263,0.4354,0.7617,0.329113
51,Anthony Santander,OF/DH,13.940361460163533,613.289,28.256999999999998,76.2563,86.87700000000001,3.08272,0.315868,0.459107,0.7749739999999999,0.33159
52,Oneil Cruz,SS,13.93587397635005,566.5740000000001,23.096,79.8129,71.6169,21.7937,0.317931,0.44864,0.766571,0.328511
53,Seiya Suzuki,OF,13.927793503414819,576.278,21.3965,75.686,73.89399999999999,8.290939999999999,0.350724,0.464933,0.815656,0.34971599999999997
54,Will Smith,C,13.898801608459904,516.893,21.3506,70.4577,75.0338,2.05799,0.354608,0.46792799999999996,0.822536,0.353112
55,Willy Adames,SS,13.71453425091326,618.427,26.7094,77.9559,84.9707,6.4307300000000005,0.319905,0.44491800000000004,0.7648229999999999,0.32861599999999996
56,Marcell Ozuna,DH,13.592056314206774,544.069,29.6404,71.9694,82.666,0.928643,0.32365900000000003,0.48536999999999997,0.809029,0.34454
57,Elly De La Cruz,3B/SS,13.252721674355755,575.3330000000001,20.5571,81.4443,69.0447,37.225,0.31038899999999997,0.438459,0.748848,0.320292
58,Rhys Hoskins,1B,13.228769410211653,574.957,26.7899,74.4139,78.5211,2.28277,0.33571799999999996,0.459075,0.7947930000000001,0.34265999999999996
59,Adley Rutschman,C/DH,13.202364488788593,603.502,18.4496,78.0364,69.7483,2.2818,0.36745,0.44248699999999996,0.809936,0.351957
60,Jorge Soler,OF/DH,13.185549829213633,555.937,29.078000000000003,71.1865,77.0572,0.8662920000000001,0.332358,0.47002299999999997,0.802381,0.343342
61,Yandy Diaz,1B,13.085284528954976,589.716,16.8968,81.163,67.8892,1.3763299999999998,0.38497600000000004,0.451737,0.8367129999999999,0.365304
62,Teoscar Hernandez,OF/DH,12.984836663634102,564.7959999999999,26.2359,71.5308,84.3559,6.9228,0.313156,0.46879399999999993,0.78195,0.333129
63,Nolan Gorman,2B/DH,12.351381533186016,529.398,27.9294,70.3696,76.1245,6.72558,0.318227,0.464128,0.782355,0.33482199999999995
64,Christian Encarnacion-Strand,1B/DH,12.270724444706307,509.99300000000005,26.0458,66.3162,79.0309,2.8692900000000003,0.324842,0.490832,0.815674,0.346721
65,Nolan Arenado,3B,12.213768960965545,617.432,25.6142,74.2212,90.6669,3.5971699999999998,0.32105700000000004,0.457391,0.7784479999999999,0.331447
66,Josh Naylor,1B/DH,12.185122324147285,563.932,21.0714,64.8758,86.3052,8.28101,0.33599,0.46295,0.798941,0.33955
67,Xander Bogaerts,SS,11.792938858481353,632.817,18.1559,81.3425,70.7079,12.4638,0.348596,0.435803,0.7843979999999999,0.340408
68,Ian Happ,OF,11.523042470667715,626.332,20.0153,78.8387,75.4198,11.2739,0.345792,0.426379,0.772171,0.336121
69,Brandon Nimmo,OF,11.503697950088535,636.249,18.8914,85.6756,65.0497,4.12383,0.362487,0.440474,0.802962,0.350573
70,Nick Castellanos,OF,11.229973535765488,613.549,24.2216,74.8587,86.0615,7.51847,0.309818,0.451568,0.761387,0.325357
71,Jake Burger,3B/DH,11.198235628397043,579.073,30.0151,71.2039,81.2042,1.30701,0.311046,0.478901,0.7899470000000001,0.335845
72,George Springer,OF/DH,11.054544150902775,586.997,21.6663,80.8092,69.4944,13.5928,0.332785,0.435621,0.768407,0.332859
73,Christopher Morel,OF/DH,10.18289007903097,529.453,25.6677,70.8389,72.8044,10.1764,0.31062,0.465156,0.775776,0.33111599999999997
74,Vinnie Pasquantino,1B,10.165625261697606,562.219,20.3296,68.154,73.4633,1.43393,0.355148,0.46746099999999996,0.822609,0.353204
75,J.T. Realmuto,C,9.82717262620678,527.4209999999999,19.8907,69.0957,69.5975,14.9181,0.321002,0.447147,0.7681479999999999,0.32912600000000003
76,Taylor Ward,OF,9.51079076200649,540.5169999999999,20.1254,74.1863,68.4067,5.50212,0.348608,0.453401,0.802009,0.346794
77,Josh Jung,3B,9.338156399576436,584.5,25.9188,74.3663,81.3491,3.00743,0.313121,0.461697,0.774818,0.331047
78,Spencer Steer,1B/3B/OF,8.81601633818001,583.269,19.9877,71.8918,74.5915,9.47551,0.336134,0.43824300000000005,0.7743770000000001,0.335768
79,Andres Gimenez,2B,8.665728560378701,592.629,16.3073,75.6258,65.6788,26.5456,0.327218,0.421862,0.749079,0.324044
80,Willson Contreras,C/DH,8.440957934083956,485.325,20.5224,63.033,64.3721,5.074669999999999,0.349088,0.456838,0.8059270000000001,0.349139
81,Masataka Yoshida,OF/DH,8.377020611176599,572.202,15.8705,71.14399999999999,72.6964,5.89085,0.354083,0.45022,0.804303,0.347238
82,CJ Abrams,SS,8.061622931155348,613.109,15.5129,83.4237,61.787,40.8432,0.304379,0.402331,0.7067100000000001,0.30561900000000003
83,Evan Carter,OF,7.8534072245490325,565.332,15.7803,74.3851,63.5386,18.3865,0.35023699999999997,0.42131199999999996,0.7715489999999999,0.336135
84,Nico Hoerner,2B/SS,7.562197529372119,640.571,9.13216,84.0191,61.7602,34.2493,0.34315999999999997,0.39016100000000004,0.733322,0.321832
85,Riley Greene,OF,7.541178380323672,588.658,16.9657,77.4783,64.8003,9.79107,0.343015,0.44229300000000005,0.785307,0.33962
86,Byron Buxton,DH,7.456569963387129,464.454,25.7631,68.6353,64.7367,10.5291,0.30754000000000004,0.48472,0.7922600000000001,0.33563200000000004
87,Ryan McMahon,2B/3B,7.427533320640657,596.323,21.9552,74.7185,72.5656,6.05396,0.32681,0.42890100000000003,0.75571,0.32707600000000003
88,Lane Thomas,OF,7.309819989736375,605.377,21.2203,78.76,69.8042,15.767999999999999,0.30983,0.429932,0.7397630000000001,0.318623
89,Nathaniel Lowe,1B,7.2621046143823484,595.164,18.2326,73.3915,71.1596,2.09809,0.353664,0.43377200000000005,0.7874369999999999,0.34255399999999997
90,Jack Suwinski,OF,7.183776496807741,513.066,23.771,64.4634,67.2097,9.9672,0.330307,0.444428,0.7747350000000001,0.334228
91,Sean Murphy,C,7.170505196384963,468.99800000000005,20.3433,62.8194,64.9103,0.274503,0.346564,0.464034,0.8105979999999999,0.349946
92,Chas McCormick,OF,7.067109502243872,517.596,20.1941,66.8194,67.5148,15.9151,0.330732,0.433558,0.7642899999999999,0.33103
93,Kerry Carpenter,OF/DH,6.5991931476064325,534.443,22.7313,66.1066,72.4734,5.51251,0.320276,0.45610900000000004,0.776385,0.331702
94,Tyler O'Neill,OF,6.3922396682396165,490.217,21.5643,65.3064,63.5088,12.2977,0.326841,0.454179,0.7810199999999999,0.33612800000000004
95,Cedric Mullins II,OF,6.284606815782057,566.835,18.4891,72.47399999999999,64.518,25.7698,0.313734,0.420684,0.734418,0.31700500000000004
96,Logan O'Hoppe,C,6.204317853258659,479.60699999999997,22.9022,58.0168,66.2256,2.3263599999999998,0.328818,0.46253199999999994,0.79135,0.339571
97,Carlos Correa,SS,6.142798739032228,581.735,20.686,70.6253,71.5978,0.24922399999999997,0.339025,0.43946199999999996,0.778487,0.336404
98,Isaac Paredes,1B/3B,6.020251538075947,541.342,23.878,65.9326,75.3049,0.865851,0.335598,0.446514,0.782112,0.338618
99,Wyatt Langford,OF,5.763965388095733,505.665,18.0958,64.3998,64.2384,13.4455,0.33958699999999997,0.44482299999999997,0.784409,0.338955
100,Salvador Perez,C/1B/DH,5.743478007044081,540.2280000000001,24.6184,61.0037,81.0388,0.171991,0.296592,0.448941,0.745533,0.316271
101,Ryan Mountcastle,1B/DH,5.4809610541581835,536.529,21.8979,65.6485,72.9659,3.6835199999999997,0.322006,0.450917,0.7729229999999999,0.330569
102,Cal Raleigh,C,5.268954227023328,508.699,26.4122,61.5203,70.9377,0.754912,0.297546,0.45450799999999997,0.752054,0.320678
103,Josh Lowe,OF/DH,5.251396529056073,513.806,16.3166,65.2809,65.373,24.8272,0.31700300000000003,0.43339700000000003,0.7504,0.322291
104,Zack Gelof,2B,4.785706419824341,591.673,19.4057,72.5173,62.6906,20.7899,0.315573,0.41387799999999997,0.7294510000000001,0.316371
105,Anthony Volpe,SS,4.773455434817863,573.244,19.4717,70.6776,63.9912,24.4022,0.309008,0.41255200000000003,0.721561,0.313091
106,Matt Chapman,3B,4.596746930526264,578.9540000000001,23.6543,71.2153,69.6403,3.33501,0.326791,0.43797299999999995,0.764763,0.330907
107,Jeimer Candelario,1B/3B,4.436292441093565,558.994,20.217,70.6755,73.0305,4.575,0.32760300000000003,0.441387,0.76899,0.331862
108,Brandon Lowe,2B,4.405224898151305,475.745,21.6173,62.4918,64.8714,5.86969,0.32637,0.449167,0.775537,0.334388
109,Andrew Vaughn,1B,4.331330838961433,595.08,21.8362,68.3738,76.1173,0.189929,0.31966,0.439691,0.759351,0.327113
110,MJ Melendez,OF,4.247988389110174,557.4490000000001,20.4753,70.6137,64.7918,5.00919,0.329432,0.438425,0.767857,0.331048
111,Francisco Alvarez,C,4.237831952989722,479.311,24.6378,57.8442,67.4904,2.11668,0.311675,0.44481400000000004,0.7564890000000001,0.325358
112,Josh Bell,1B/DH,4.2003505033203785,592.6469999999999,20.2623,67.7139,72.6334,0.402242,0.33965500000000004,0.425387,0.765041,0.33225
113,Brandon Drury,1B/2B,4.165029933349366,526.582,23.0951,65.3305,74.232,1.41921,0.302799,0.454096,0.756895,0.323347
114,Yainer Diaz,C/DH,4.056292695248504,447.62699999999995,21.2282,56.0688,67.4136,0.787995,0.309125,0.481429,0.790554,0.335202
115,Daulton Varsho,OF,4.049651748382752,553.393,22.5056,69.7258,67.7014,15.1226,0.29982600000000004,0.426079,0.725904,0.312243
116,T.J. Friedl,OF,4.007028109757905,545.352,15.0335,72.1866,58.4944,21.7406,0.330497,0.41817200000000004,0.7486689999999999,0.325166
117,Jorge Polanco,2B,3.9229667982842154,536.637,20.9611,65.404,68.4818,6.15404,0.32455500000000004,0.43033000000000005,0.754884,0.326692
118,Ke'Bryan Hayes,3B,3.9046559432738936,590.244,17.4592,72.6575,68.1811,14.4647,0.32203699999999996,0.43624799999999997,0.7582840000000001,0.326442
119,Jordan Walker,OF,3.702323900614765,544.59,17.7392,65.9375,63.7693,10.2015,0.334542,0.438433,0.772975,0.334034
120,James Outman,OF,3.5924655505682046,525.151,18.6938,71.7802,63.729,12.2491,0.326617,0.413545,0.740163,0.323013
121,Edouard Julien,2B/DH,3.5771514216909868,550.3330000000001,16.4062,73.2538,54.6074,7.98804,0.360018,0.40902,0.769038,0.33915700000000004
122,Jonathan India,2B,3.4878890131858347,513.247,16.0192,69.0593,59.0901,11.2868,0.34526,0.42052700000000004,0.765787,0.335092
123,Eloy Jimenez,DH,3.4462454323808123,522.021,22.5203,60.1343,72.8848,0.13617100000000001,0.326932,0.46465100000000004,0.791583,0.338557
124,Jarren Duran,OF,3.3632566502389616,526.006,13.1594,71.1901,54.4973,28.3,0.321235,0.426875,0.74811,0.322764
125,Max Kepler,OF,3.357978768622937,518.679,20.4424,67.3365,65.4173,3.52132,0.327964,0.44128599999999996,0.769249,0.331852
126,Ha-seong Kim,2B/3B/SS,3.077053519955463,601.877,14.5825,73.2614,60.6251,26.901999999999997,0.327384,0.38463800000000004,0.712023,0.313232
127,Luis Arraez,2B,2.771400705727032,615.071,7.7537199999999995,75.0654,61.6979,4.02422,0.370059,0.425446,0.795505,0.344649
128,Eugenio Suarez,3B,2.5974573843587745,593.05,22.7089,68.1883,79.3906,1.01391,0.322731,0.413729,0.73646,0.320899
129,Lars Nootbaar,OF,2.5490446717733763,480.655,16.4889,66.6768,53.8412,8.805019999999999,0.354243,0.434123,0.788367,0.342548
130,Ezequiel Tovar,SS,2.1451364752898496,604.908,15.9615,77.2209,69.9727,13.2658,0.304479,0.41829799999999995,0.7227779999999999,0.311215
131,J.D. Martinez,DH,2.1153395202472107,466.715,21.499000000000002,58.5011,70.9307,0.759785,0.319749,0.47293100000000005,0.79268,0.337046
132,Lourdes Gurriel Jr.,OF/DH,2.0197817189500844,543.31,16.4664,64.4738,70.2019,4.523619999999999,0.32602800000000004,0.444115,0.770143,0.331225
133,Trevor Story,SS,1.8655650751438588,501.069,18.1891,64.3407,62.4827,19.7191,0.304604,0.421575,0.726179,0.31235300000000005
134,Brent Rooker,OF/DH,1.7303591279653496,518.744,24.5385,59.4471,66.635,3.56032,0.312235,0.438691,0.750926,0.323336
135,Giancarlo Stanton,OF/DH,1.5820508095903858,434.556,25.7589,51.9796,67.3914,0.0907444,0.30904699999999996,0.463711,0.772758,0.329014
136,Jose Abreu,1B,1.4755014912546764,582.549,18.0024,67.6154,78.7354,0.37655900000000003,0.324234,0.412209,0.7364430000000001,0.320011
137,Bryson Stott,2B,1.4290535063325176,584.195,12.7601,72.1645,61.6657,22.1442,0.32201,0.401251,0.7232609999999999,0.314346
138,Alec Bohm,1B/3B,1.0,594.993,16.2321,71.3524,76.4423,3.96896,0.325788,0.419191,0.744978,0.322279
139,Bryan De La Cruz,OF,1.0,561.169,19.6496,62.9606,69.0742,4.3185199999999995,0.315182,0.439032,0.754214,0.32360300000000003
140,Anthony Rizzo,1B,1.0,508.731,20.6367,63.4957,63.6358,3.27303,0.32945599999999997,0.423271,0.752727,0.327345
141,Zach Neto,SS,1.0,534.0319999999999,17.5782,65.6395,62.7136,9.8152,0.325705,0.41857,0.744275,0.323689
142,Thairo Estrada,2B/SS,1.0,567.548,14.8332,70.6279,59.0492,22.8111,0.315129,0.40265,0.717779,0.312279
143,Mitch Garver,C/DH,1.0,441.101,20.6435,53.9992,59.2352,0.9405459999999999,0.33066599999999996,0.44213199999999997,0.772798,0.33435
144,Jung Hoo Lee,OF,0.6760540424678668,582.488,9.88824,70.294,59.583,8.844,0.352375,0.425957,0.778331,0.337534
145,Joc Pederson,OF/DH,0.005050441816880302,425.986,17.9061,55.2921,58.5036,1.27149,0.345306,0.460013,0.80532,0.345146
146,Kris Bryant,OF/DH,-0.7330473111487732,489.031,16.5091,63.2624,55.4745,2.29049,0.341907,0.441141,0.783048,0.33976799999999996
147,Jarred Kelenic,OF,-0.8095717153705384,484.905,16.2846,61.9541,59.8104,13.7748,0.31656,0.421229,0.737789,0.317799
148,Nelson Velazquez,OF,-1.01684049072212,403.461,23.0866,50.6555,53.8134,6.2358199999999995,0.30378299999999997,0.479548,0.783331,0.332
149,Jeremy Pena,SS,-1.1892232734052954,597.14,14.9443,74.3367,62.8505,12.8258,0.31348200000000004,0.39942300000000003,0.712906,0.310082
150,J.P. Crawford,SS,-1.3303754367392882,625.842,12.5505,79.5856,57.5549,3.33017,0.350752,0.383596,0.734348,0.325862
151,Jake Fraley,OF/DH,-1.4557721079556512,409.47,14.587,51.9046,53.7331,16.4059,0.339179,0.42954799999999993,0.768727,0.333459
152,Jake Cronenworth,1B/2B,-1.5849587337456574,583.198,14.4364,69.3005,65.4078,5.29239,0.32655,0.402796,0.729346,0.31758800000000004
153,Jackson Chourio,OF,-1.813148626650212,520.988,15.3603,61.6813,62.3375,21.1571,0.30027600000000004,0.408956,0.709232,0.305218
154,Justin Turner,1B/DH,-2.152444761211421,514.807,15.4599,61.683,66.8164,2.77311,0.329337,0.413038,0.742375,0.323488
155,Jonah Heim,C,-2.1871921005826103,483.26,17.5461,54.6865,65.5137,1.96075,0.30993899999999996,0.42404200000000003,0.733981,0.316246
156,Jose Siri,OF,-2.3476114151613547,457.149,20.0116,60.396,57.0427,18.9766,0.276865,0.422415,0.699279,0.298975
157,Austin Hays,OF,-2.575275996775224,550.01,16.8196,66.8059,64.8132,4.48471,0.310321,0.41854600000000003,0.728867,0.314882
158,Brendan Rodgers,2B,-2.606820693641919,512.738,14.0893,62.0811,61.4478,0.282596,0.331425,0.43344799999999994,0.7648739999999999,0.330793
159,Matt Wallner,OF,-2.836857995928926,446.227,17.4396,55.7938,56.7561,3.09658,0.334529,0.430016,0.7645460000000001,0.331998
160,Brendan Donovan,2B/OF,-2.8969091791156383,508.379,10.370999999999999,66.4472,50.775,6.12426,0.361942,0.40136700000000003,0.763308,0.336638
161,Bo Naylor,C,-3.233127358752312,439.417,15.8512,51.9089,53.7508,7.53712,0.327671,0.413786,0.7414569999999999,0.322847
162,Brandon Marsh,OF,-3.398615682305828,485.86699999999996,13.0259,58.2409,53.8495,12.3543,0.335719,0.41628100000000007,0.752,0.326823
163,Esteury Ruiz,OF,-3.5286348726847407,491.596,7.762860000000001,58.5455,40.0355,53.9416,0.31174,0.362593,0.674333,0.297672
164,Ty France,1B,-3.599749768251348,601.559,14.5907,69.5847,65.4006,0.78589,0.33007600000000004,0.396814,0.7268899999999999,0.318825
165,Luis Rengifo,2B/3B/SS/OF,-3.772206989519332,533.4169999999999,17.1432,64.4955,59.6201,8.36525,0.31539,0.420023,0.735413,0.317904
166,Vaughn Grissom,2B/SS,-3.7816355862777318,500.9,9.10093,60.8467,55.2004,10.7015,0.34598,0.409143,0.755124,0.329872
167,Gabriel Moreno,C,-3.793002012982039,473.452,9.9527,53.1514,56.8661,6.00927,0.345631,0.41644499999999995,0.762076,0.332194
168,Ryan Noda,1B,-3.8784611655440737,512.898,17.7135,61.5545,54.2632,4.97978,0.336586,0.392758,0.7293430000000001,0.322265
169,Steven Kwan,OF,-3.8955045308510683,615.234,4.83699,78.6957,51.3554,17.6649,0.349352,0.375655,0.725007,0.32006599999999996
170,Danny Jansen,C,-3.969116267754576,353.986,18.1641,44.6457,53.1568,0.664706,0.31594,0.461873,0.777813,0.332988
171,Hunter Renfroe,OF,-4.06085012604748,478.87699999999995,19.4676,56.3871,61.69,0.7737350000000001,0.30638000000000004,0.43583500000000003,0.742215,0.319054
172,LaMonte Wade Jr.,1B/OF,-4.465255592229245,471.06199999999995,15.9499,57.9049,50.9691,2.52553,0.347083,0.413192,0.760275,0.332987
173,Starling Marte,OF,-4.466359400056284,484.6,11.0579,60.3833,48.3806,26.0571,0.32127100000000003,0.392727,0.7139979999999999,0.31243699999999996
174,Mark Canha,OF/DH,-4.487919071127601,507.782,11.7675,58.9157,55.044,7.36198,0.35230700000000004,0.39711799999999997,0.749425,0.331385
175,Will Benson,OF,-4.702318245455821,422.58099999999996,13.0655,57.4004,44.2304,17.0171,0.335146,0.407171,0.742316,0.325355
176,Sal Frelick,OF,-4.783987904814401,549.681,8.365730000000001,67.7598,54.239,16.5685,0.336714,0.384479,0.7211930000000001,0.316921
177,Henry Davis,OF,-4.801445616099711,476.458,14.9614,55.1879,53.5642,8.6691,0.334992,0.40914,0.744132,0.324285
178,Seth Brown,OF,-4.8029546159044365,460.027,19.6552,51.085,61.7684,5.51805,0.297352,0.432342,0.729694,0.312332
179,Tommy Edman,2B/SS/OF,-4.87241110420471,459.596,10.5911,61.8045,45.1646,22.838,0.317046,0.404952,0.721997,0.31317
180,Alex Verdugo,OF,-4.8997981344181785,529.325,13.1877,65.6622,57.038999999999994,4.09396,0.325498,0.41443500000000005,0.739933,0.320254
181,Elehuris Montero,1B,-4.985382169107063,420.718,17.4069,53.3609,57.978,0.9040799999999999,0.310494,0.447842,0.758336,0.325226
182,Mike Yastrzemski,OF,-5.026637854852253,470.499,16.9256,59.1895,54.4625,3.5074199999999998,0.32043499999999997,0.419318,0.739753,0.320326
183,Tommy Pham,OF/DH,-5.246512793571797,448.44199999999995,13.0974,57.43600000000001,50.4607,13.8048,0.32726900000000003,0.405983,0.733252,0.319904
184,Orlando Arcia,SS,-5.63922110682514,503.876,16.5941,60.8026,60.5329,2.17657,0.312098,0.407131,0.719228,0.312131
185,Michael Conforto,OF,-5.7960436887915225,469.654,14.4851,55.9687,55.152,3.1862,0.340506,0.403094,0.7436,0.3254
186,Jesus Sanchez,OF,-5.802835483765639,448.60900000000004,16.9985,51.5777,56.2696,3.0382700000000002,0.316717,0.43491,0.751627,0.323549
187,Davis Schneider,2B,-5.838618704009592,394.32599999999996,15.9265,48.8327,48.6567,4.8726400000000005,0.332452,0.436148,0.7686,0.333854
188,Gavin Lux,2B,-5.981228849496291,463.625,10.4359,60.2787,50.3512,8.8742,0.335752,0.407459,0.743211,0.324019
189,Keibert Ruiz,C,-6.06720250007369,493.75300000000004,14.6231,51.7589,58.5286,2.17869,0.317087,0.413842,0.730929,0.316708
190,Ryan Jeffers,C,-6.182735946839986,381.865,16.4328,45.7079,47.3737,2.3391900000000003,0.323156,0.43934399999999996,0.7625,0.329561
191,Yoan Moncada,3B,-6.250344431654095,554.714,17.0444,62.9473,61.832,2.6564900000000002,0.31685599999999997,0.408306,0.725162,0.314925
192,Charlie Blackmon,OF/DH,-6.544613695217046,469.31800000000004,10.571,59.31399999999999,51.0044,3.84378,0.341179,0.42203199999999996,0.763211,0.331753
193,Shea Langeliers,C,-6.623299439401745,460.275,20.5514,48.9558,56.6001,2.5708,0.283618,0.424217,0.707835,0.30249299999999996
194,Nolan Schanuel,1B,-7.146565957764923,486.76099999999997,9.00787,63.5344,45.0882,2.79184,0.369963,0.386552,0.756514,0.336873
195,Mitch Haniger,OF,-7.211416801757468,452.853,18.7005,53.4362,57.4184,1.42646,0.301492,0.42058599999999996,0.722078,0.311138
196,Jeff McNeil,2B/OF,-7.23066803988417,553.262,8.353639999999999,63.7737,53.9583,5.99456,0.340808,0.39433,0.735138,0.322727
197,Rowdy Tellez,1B/DH,-7.230765446655575,413.645,18.1068,44.0311,57.9333,0.79633,0.315,0.434163,0.749163,0.320707
198,Joey Gallo,1B/OF,-7.924114877609931,391.35400000000004,20.7454,47.0715,49.5977,2.3832299999999997,0.310462,0.41550600000000004,0.7259680000000001,0.316144
199,Sean Bouchard,OF,-7.983066724165326,346.398,12.4471,47.1733,42.6727,6.46485,0.340495,0.451237,0.791732,0.34164
200,Maikel Garcia,3B,-8.167451412548871,545.6569999999999,7.233860000000001,66.4847,50.2618,22.7804,0.32716999999999996,0.377116,0.704286,0.308961
201,Luke Raley,1B/OF,-8.239198475580203,389.88800000000003,15.8422,48.5809,47.6089,9.739419999999999,0.309746,0.41935,0.729096,0.31619400000000003
202,Colten Keith,2B/3B,-8.259875459430605,481.596,14.1656,55.0324,57.9465,3.08633,0.320313,0.422054,0.742367,0.320562
203,Leody Taveras,OF,-8.277129184431631,473.09,11.589,57.4188,51.6027,13.9093,0.309126,0.40129499999999996,0.710421,0.307683
204,Jackson Holliday,SS,-8.322297024821301,476.954,8.20041,60.034,46.5331,10.3242,0.345429,0.385865,0.731294,0.322131
205,Tyler Stephenson,C/DH,-8.698792954059831,424.25,11.8881,49.5854,50.7809,0.764038,0.329779,0.405561,0.73534,0.320924
206,Andrew McCutchen,DH,-8.956813048550528,458.895,12.6408,54.3541,50.0236,7.93253,0.34268000000000004,0.391054,0.733734,0.32412199999999997
207,Andrew Benintendi,OF,-8.999737309816041,573.202,8.01188,66.9112,50.3716,10.6948,0.334622,0.376843,0.711465,0.312087
208,Luis Campusano,C,-9.044476701849476,430.32099999999997,12.9397,48.4858,54.0282,0.484466,0.31469,0.41034,0.725029,0.314106
209,Ryan O'Hearn,1B/OF,-9.096708172089892,380.05,14.7305,45.1206,53.1597,3.21677,0.30792800000000004,0.44100200000000006,0.74893,0.319909
210,Adam Duvall,OF,-9.203152655203818,360.476,18.5077,44.2072,53.2985,2.6898,0.282526,0.44629300000000005,0.72882,0.310055
211,Carlos Santana,1B,-9.21472172585396,485.774,14.575999999999999,54.7841,57.681000000000004,2.84809,0.321137,0.380952,0.7020890000000001,0.309169
212,Anthony Rendon,3B,-9.324316063001381,434.426,11.3757,50.9325,52.2148,2.86639,0.352689,0.405568,0.758257,0.333138
213,Alek Thomas,OF,-9.394569752179539,480.329,10.4681,58.919,52.20399999999999,9.653939999999999,0.309969,0.40424,0.71421,0.308485
214,Javier Baez,SS,-9.66884821843934,535.658,13.9755,61.0022,60.4136,11.1845,0.286506,0.383833,0.670339,0.29025100000000004
215,Parker Meadows,OF,-9.757670098403805,510.788,13.1739,60.9678,49.2254,15.1446,0.30041,0.381412,0.681823,0.296748
216,Ramon Laureano,OF,-9.796475832736194,435.754,12.9963,52.7566,47.5938,12.2763,0.310753,0.394956,0.705709,0.308861
217,Wilyer Abreu,OF,-9.839239248713524,370.971,11.7373,47.4861,44.1893,8.85572,0.333169,0.41057299999999997,0.743742,0.32511
218,Jordan Westburg,2B/3B,-9.843377083402924,447.01199999999994,12.977,54.0408,51.7242,6.97763,0.31748000000000004,0.415842,0.733323,0.317782
219,Alex Kirilloff,1B/OF,-10.143892739629313,378.17,12.4883,44.885,48.3508,1.9061400000000002,0.331862,0.433458,0.76532,0.330834
220,Michael Massey,2B,-10.151335583823784,444.7,13.8965,49.0697,53.9133,6.3510599999999995,0.29999899999999996,0.411152,0.711151,0.306006
221,Elias Diaz,C,-10.366028443243756,446.769,13.2166,46.3309,54.5703,0.875439,0.307215,0.406903,0.714117,0.309214
222,Luis Garcia,2B,-10.499847182272504,466.77,10.0495,54.1965,50.7662,7.26624,0.312965,0.408794,0.721759,0.310653
223,Trent Grisham,OF,-10.61223327017832,370.24699999999996,13.6055,47.5476,41.5956,9.39502,0.32085,0.405908,0.726758,0.317764
224,Chris Taylor,3B/SS/OF,-10.71818434734215,392.375,12.7544,49.9818,47.696000000000005,11.2839,0.316945,0.404024,0.72097,0.313839
225,Brenton Doyle,OF,-11.21765994414603,460.534,13.3784,54.685,49.0862,19.0203,0.278837,0.385856,0.664694,0.28683400000000003
226,Wilmer Flores,1B/3B/DH,-11.288373299193351,382.16900000000004,14.3438,45.434,48.3374,0.176062,0.329729,0.43563100000000005,0.76536,0.331031
227,Harrison Bader,OF,-11.559530976397074,410.324,10.815999999999999,49.2136,44.4063,20.3626,0.297257,0.387036,0.684292,0.296802
228,Jake Rogers,C,-11.78827423505418,360.418,16.2319,42.3981,45.4805,1.73994,0.28567600000000004,0.416867,0.702543,0.302273
229,Willi Castro,3B/OF,-11.938620294325645,403.67,9.19626,53.2014,39.0008,22.9224,0.312542,0.38765,0.700191,0.305525
230,Alejandro Kirk,C,-12.0370392839849,368.246,9.86025,39.5035,42.0325,0.166181,0.350337,0.40920300000000004,0.759541,0.33292
231,Austin Wells,C,-12.197032429146581,351.46,12.7258,39.5612,45.6722,3.79538,0.304682,0.410275,0.714957,0.309075
232,Brandon Belt,1B/DH,-12.210959219217818,319.79900000000004,14.132,39.633,39.1457,0.7995720000000001,0.338972,0.437283,0.776255,0.336541
233,Patrick Wisdom,3B,-12.268843466809395,306.661,17.7656,39.7239,44.6083,4.1999,0.294428,0.44834399999999996,0.742772,0.31790999999999997
234,Joey Meneses,DH,-12.424878772744913,557.361,13.3178,56.4721,62.6532,0.46758500000000003,0.308836,0.393343,0.702178,0.30445500000000003
235,DJ LeMahieu,1B/3B,-12.795211098689865,512.237,10.9345,61.3125,47.5087,2.87975,0.335215,0.374679,0.7098939999999999,0.314171
236,Whit Merrifield,2B/OF,-12.838257062871008,432.45099999999996,7.506639999999999,52.3303,45.1271,17.5566,0.306148,0.375284,0.681431,0.29647199999999996
237,J.J. Bleday,OF,-12.995102121135252,450.353,14.3504,49.488,46.1466,5.7899,0.312322,0.38061500000000004,0.692938,0.305005
238,Masyn Winn,SS,-13.071090726367855,479.524,9.60029,57.5168,47.3492,13.1528,0.301299,0.372224,0.673524,0.2939
239,Ceddanne Rafaela,OF,-13.119401683498303,381.287,9.280339999999999,49.115,43.2694,14.3141,0.29496,0.40492,0.6998810000000001,0.30128699999999997
240,Brice Turang,2B/SS,-13.452771889761644,461.99300000000005,8.17868,51.2363,42.851000000000006,20.6982,0.310471,0.35843,0.668901,0.29442399999999996
241,Tim Anderson,SS,-13.863990410581632,522.909,6.15655,61.7933,43.699,14.4783,0.315664,0.370182,0.685846,0.300299
242,Edward Olivares,OF/DH,-14.008764853852265,351.01199999999994,9.693589999999999,43.0619,37.4876,9.45433,0.318436,0.421029,0.7394649999999999,0.319671
243,Travis d'Arnaud,C,-14.100292604339659,324.35200000000003,11.3869,38.8459,42.8346,0.108688,0.305605,0.41727,0.722875,0.31282600000000005
244,Mickey Moniak,OF,-14.19741935378012,377.996,14.5306,43.645,44.9036,5.99795,0.277509,0.42572,0.703229,0.299132
245,Kyle Isbel,OF,-14.39115302977035,398.653,9.603760000000001,50.3163,41.1807,11.2274,0.300076,0.39587100000000003,0.695947,0.30143400000000004
246,Kyle Manzardo,1B,-14.804988300342838,400.226,12.6619,41.9883,46.8441,1.0696700000000001,0.314195,0.401125,0.715321,0.311068
247,Junior Caminero,2B/3B/SS/DH,-14.911265903146393,317.873,11.8855,38.7836,42.8142,2.92828,0.319258,0.440416,0.759674,0.32662199999999997
248,Jason Heyward,OF,-15.05044575907722,353.934,11.102,44.1783,40.3246,2.57384,0.31803200000000004,0.407803,0.725835,0.31560900000000003
249,Amed Rosario,2B/SS,-15.239611763996349,393.805,6.74452,48.8326,41.1239,10.3807,0.308456,0.394004,0.7024600000000001,0.304435
250,Geraldo Perdomo,2B/SS,-15.2903813888202,446.935,5.73321,55.0448,37.4688,12.582,0.334438,0.344107,0.678545,0.303358
251,Michael Busch,1B/2B/3B/OF/DH,-15.437482464982759,370.606,12.2538,44.4871,43.8414,2.42214,0.316567,0.408004,0.724571,0.31557199999999996
252,Garrett Mitchell,OF,-15.556141886381988,381.01300000000003,8.98707,47.0606,36.9254,13.3104,0.311925,0.376158,0.688083,0.30185500000000004
253,Gary Sanchez,C,-15.564936354532414,268.328,13.5934,30.2801,37.711999999999996,0.536473,0.298185,0.42652399999999996,0.724709,0.31298400000000004
254,Dylan Carlson,OF,-15.800815761753855,358.62800000000004,8.53403,42.8503,38.7471,3.5259300000000002,0.333237,0.40157600000000004,0.734813,0.321306
255,Connor Wong,C,-15.944441418123295,363.276,10.6389,42.4538,38.872,6.13526,0.287337,0.395286,0.682623,0.295088
256,Mark Vientos,DH,-15.978602309643113,377.599,15.1608,40.6365,47.8134,0.973024,0.295099,0.415687,0.7107859999999999,0.30551999999999996
257,C.J. Cron,1B,-16.064138173798735,276.168,12.0906,34.2469,39.3113,0.0723725,0.313247,0.44151999999999997,0.754767,0.323848
258,Liover Peguero,2B/SS,-16.06910709384498,408.389,10.1117,44.9845,41.5041,13.1927,0.29148,0.381419,0.672898,0.291749
259,Cavan Biggio,1B/2B/OF,-16.181921377876595,358.394,9.0508,45.7698,36.7917,4.95822,0.328457,0.370157,0.6986140000000001,0.31009899999999996
260,Jurickson Profar,OF,-16.303028911165732,459.292,9.396139999999999,51.7946,43.4775,3.52724,0.321746,0.366665,0.688411,0.304674
261,Brett Baty,3B,-16.450149344091834,427.903,12.4491,48.3158,47.7873,2.37396,0.31006100000000003,0.380275,0.690336,0.303034
262,Michael A. Taylor,OF,-16.582820236760067,345.24,12.168,40.7674,39.6772,8.16639,0.29071199999999997,0.394169,0.6848810000000001,0.297067
263,Stone Garrett,OF,-16.784301981484802,308.347,11.6572,36.4665,39.1227,5.68585,0.292771,0.41962700000000003,0.712398,0.305377
264,Yan Gomes,C,-17.055858060842564,366.435,9.53078,37.9482,45.051,1.14065,0.297214,0.39014499999999996,0.687359,0.2973
265,Connor Joe,1B/OF,-17.06332014754975,365.994,8.41313,44.2196,35.133,3.4835,0.33517399999999997,0.38664,0.7218140000000001,0.319131
266,Tyrone Taylor,OF,-17.124930554505152,299.426,11.2844,37.0711,38.3523,6.7742,0.28629699999999997,0.41688400000000003,0.70318,0.302281
267,Kevin Kiermaier,OF,-17.314756194882165,403.00199999999995,7.27433,49.4637,38.2572,11.4134,0.30450900000000003,0.373938,0.678446,0.29620599999999997
268,Aaron Hicks,OF,-17.434525901227854,373.62,8.890939999999999,45.3398,36.9756,6.325130000000001,0.328439,0.35536,0.6837989999999999,0.304797
269,Rene Pinto,C,-17.45368685058782,357.10400000000004,13.7524,35.8163,43.3695,1.27878,0.267833,0.403591,0.671424,0.28784699999999996
270,Jackson Merrill,SS,-17.55288854099095,395.156,7.91148,44.7664,42.7669,8.34446,0.299764,0.381432,0.681197,0.295647
271,Drew Waters,OF,-17.640172179548003,313.909,8.38322,38.9356,31.6828,11.8254,0.30746100000000004,0.401803,0.709264,0.30816
272,Marco Luciano,SS/DH,-17.8332746694563,418.33,11.2851,44.8009,43.1414,5.3091099999999996,0.301529,0.364361,0.66589,0.293223
273,Hunter Goodman,1B/OF/DH,-18.025918397278083,260.08299999999997,10.1837,31.2556,37.936,1.6668599999999998,0.301902,0.44464799999999993,0.746549,0.3186
274,Johan Rojas,OF,-18.03234214532315,302.522,4.43749,38.1887,31.7016,19.8024,0.308818,0.381242,0.69006,0.300656
275,Jordan Lawlar,SS,-18.19368875313087,304.307,7.01393,38.9472,30.6991,12.8182,0.314915,0.380938,0.6958529999999999,0.305039
276,Pete Crow-Armstrong,OF,-18.29862643022448,266.181,6.77193,36.1952,29.261999999999997,13.2267,0.311299,0.40186900000000003,0.713168,0.309663
277,Jon Berti,3B/SS,-18.30083328832101,360.031,5.45488,44.4491,29.27,19.2428,0.328874,0.369192,0.698066,0.30794699999999997
278,Matt Vierling,3B/OF,-18.301193658058725,404.43300000000005,7.912889999999999,47.3125,38.0389,6.88552,0.32061799999999996,0.386848,0.707466,0.309245
279,Eddie Rosario,OF,-18.360677891296355,329.33099999999996,10.6922,36.2504,40.9478,3.44246,0.293674,0.407567,0.701241,0.30144099999999996
280,Luis Urias,2B,-18.638701655064143,345.911,10.2694,38.2089,35.8344,1.5694700000000001,0.322454,0.377869,0.7003229999999999,0.31011500000000003
281,Jose Caballero,2B/SS,-18.82073014825429,273.41,5.09905,34.0353,24.9487,20.6695,0.329308,0.348467,0.677775,0.304191
282,Manuel Margot,OF,-18.992674159269825,336.559,5.590269999999999,39.5201,36.6061,8.87313,0.316317,0.38555700000000004,0.701874,0.306091
283,Patrick Bailey,C,-19.235191757678365,404.676,9.22442,39.8453,44.5259,1.76082,0.295011,0.360065,0.655075,0.287407
284,Enrique Hernandez,2B/SS/OF,-19.2442955103093,343.925,9.10363,40.1759,40.1469,1.84949,0.30024,0.381745,0.6819850000000001,0.297196
285,J.D. Davis,3B,-19.27100619889559,312.994,9.89432,36.0375,36.3408,0.603558,0.33209,0.407573,0.739663,0.323137
286,Jake Meyers,OF,-19.339134500765805,351.366,8.99559,41.18899999999999,37.4771,5.88227,0.300555,0.378848,0.679403,0.296977
287,Dominic Canzone,OF,-19.44944584325766,294.753,9.83847,34.6779,35.7704,3.36259,0.296793,0.412804,0.709597,0.30583899999999997
288,Josh Palacios,OF,-20.003478902260508,277.57,7.835189999999999,31.8044,32.0608,6.280880000000001,0.31609699999999996,0.40409,0.720187,0.31350100000000003
289,Ezequiel Duran,3B/SS/OF/DH,-20.167285202042148,295.358,9.043280000000001,36.0574,33.5556,6.11437,0.30289699999999997,0.41937700000000006,0.722274,0.310947
290,Luis Matos,OF,-20.257051554659427,292.158,5.4333800000000005,34.376,30.4482,10.011000000000001,0.322128,0.38953000000000004,0.711658,0.311228
291,Christian Bethancourt,C,-20.508539371872253,297.356,9.5899,34.3227,33.2973,2.16288,0.277092,0.392719,0.6698109999999999,0.288434
292,Akil Baddoo,OF,-20.564801977450255,276.092,6.9544,34.1106,26.3059,10.8451,0.31696799999999997,0.385063,0.7020310000000001,0.307244
293,Jo Adell,OF,-20.57222402532705,273.543,10.7895,32.4341,33.3125,4.22222,0.282904,0.408356,0.69126,0.297048
294,Harold Ramirez,DH,-20.57784045187068,306.163,6.69498,34.1244,37.8233,3.01385,0.32474699999999995,0.412471,0.737218,0.319479
295,Randal Grichuk,OF,-20.75201507008121,278.285,9.19115,32.7711,33.5885,1.2763200000000001,0.298867,0.41914399999999996,0.718011,0.308623
296,Mauricio Dubon,2B/OF,-20.79782505602705,332.44,6.745939999999999,41.1691,34.1083,4.64949,0.299706,0.38093499999999997,0.6806409999999999,0.295232
297,Joey Wiemer,OF,-20.90287732556176,269.655,8.44656,32.1999,30.518,8.262089999999999,0.300151,0.387182,0.6873319999999999,0.299717
298,Mike Tauchman,OF,-20.91218666626795,288.247,5.42783,37.5054,28.752,4.90888,0.340648,0.366091,0.706739,0.31450300000000003
299,Victor Robles,OF,-20.96727543136484,353.147,5.427309999999999,40.4665,28.7051,14.9179,0.313134,0.352391,0.665524,0.294792
